dB20(mag(getData("loopGain" ?result "stb"))) X,dB20(mag(getData("loopGain" ?result "stb"))) Y
1,67.0896349942236
1.011579454259899,67.08963499421276
1.023292992280754,67.08963499421053
1.035142166679344,67.0896349942082
1.0471285480509,67.08963499420794
1.059253725177289,67.08963499420102
1.071519305237607,67.08963499419619
1.083926914021204,67.08963499418687
1.096478196143186,67.08963499418398
1.109174815262402,67.08963499417662
1.122018454301964,67.08963499417132
1.135010815672316,67.08963499416589
1.148153621496884,67.08963499416033
1.161448613840344,67.08963499415465
1.174897554939531,67.08963499414884
1.18850222743702,67.08963499414725
1.202264434617414,67.08963499413898
1.216186000646369,67.08963499413275
1.230268770812383,67.08963499412637
1.244514611771387,67.08963499412202
1.258925411794169,67.08963499411534
1.273503081016663,67.08963499410633
1.288249551693136,67.08963499409933
1.303166778452301,67.08963499408563
1.318256738556409,67.08963499408267
1.333521432163326,67.08963499407737
1.348962882591656,67.08963499406752
1.364583136588927,67.08963499406404
1.380384264602887,67.08963499405164
1.39636836105594,67.08963499404561
1.412537544622757,67.08963499403501
1.428893958511106,67.08963499402424
1.445439770745931,67.08963499402198
1.462177174456721,67.08963499400861
1.479108388168211,67.08963499399719
1.496235656094437,67.08963499398995
1.513561248436212,67.08963499398249
1.531087461682034,67.08963499397042
1.548816618912485,67.08963499396032
1.566751070108153,67.08963499394997
1.584893192461118,67.08963499394157
1.603245390690046,67.08963499393074
1.621810097358934,67.0896349939153
1.640589773199544,67.08963499390613
1.659586907437565,67.08963499389453
1.678804018122565,67.08963499388483
1.698243652461749,67.0896349938705
1.717908387157593,67.08963499385807
1.737800828749381,67.08963499384753
1.757923613958698,67.08963499383451
1.778279410038929,67.08963499382554
1.798870915128794,67.08963499380536
1.81970085860999,67.08963499379141
1.840772001468962,67.08963499377495
1.862087136662874,67.08963499375815
1.883649089489807,67.08963499374975
1.905460717963254,67.08963499373664
1.927524913190943,67.08963499371444
1.949844599758053,67.0896349937006
1.972422736114861,67.08963499368421
1.995262314968888,67.08963499366962
2.018366363681569,67.0896349936459
2.041737944669538,67.08963499363708
2.065380155810538,67.08963499361474
2.089296130854049,67.08963499359852
2.113489039836656,67.08963499357969
2.137962089502242,67.08963499356044
2.16271852372703,67.08963499354292
2.187761623949563,67.08963499352056
2.213094709605648,67.08963499349557
2.238721138568351,67.08963499348098
2.264644307593071,67.08963499345938
2.290867652767784,67.08963499342853
2.31739464996849,67.08963499341027
2.344228815319934,67.08963499338712
2.371373705661667,67.08963499336561
2.398832919019502,67.08963499334136
2.426610095082428,67.08963499331655
2.454708915685043,67.08963499329117
2.483133105295583,67.08963499326737
2.511886431509593,67.08963499323642
2.540972705549319,67.08963499320703
2.570395782768878,67.08963499318136
2.600159563165286,67.08963499315288
2.630267991895396,67.08963499312591
2.660725059798824,67.08963499309608
2.691534803926931,67.0896349930612
2.722701308077928,67.08963499303215
2.754228703338182,67.08963499300019
2.786121168629787,67.08963499296529
2.818382931264471,67.08963499293401
2.851018267503926,67.08963499289976
2.884031503126623,67.08963499286689
2.917427014001185,67.08963499283104
2.951209226666404,67.08963499279652
2.985382618917978,67.0896349927546
3.019951720402035,67.08963499272053
3.054921113215533,67.08963499267685
3.09029543251361,67.08963499263879
3.126079367123975,67.08963499259325
3.1622776601684,67.08963499255549
3.198895109691419,67.08963499251236
3.235936569296304,67.08963499246606
3.273406948788404,67.08963499242091
3.311311214825934,67.08963499237471
3.3496543915783,67.08963499233181
3.38844156139205,67.08963499227906
3.427677865464528,67.08963499223393
3.467368504525342,67.08963499217889
3.507518739525706,67.08963499212487
3.548133892335781,67.0896349920762
3.589219346450079,67.08963499201536
3.630780547701041,67.089634991962
3.672823004980875,67.08963499190953
3.715352290971754,67.08963499184918
3.758374042884471,67.08963499179403
3.801893963205642,67.08963499172658
3.845917820453566,67.08963499166644
3.890451449942837,67.08963499160267
3.935500754557806,67.08963499153522
3.981071705535005,67.08963499147063
4.027170343254624,67.08963499140448
4.073802778041161,67.089634991328
4.120975190973336,67.08963499126081
4.168693834703389,67.08963499118541
4.216965034285859,67.08963499111483
4.265795188015963,67.08963499103599
4.31519076827769,67.08963499095316
4.365158322401698,67.08963499087724
4.415704473533165,67.0896349907929
4.466835921509672,67.08963499071102
4.518559443749265,67.08963499061625
4.570881896148792,67.08963499053478
4.623810213992646,67.08963499044032
4.677351412872025,67.08963499034596
4.731512589614849,67.08963499025599
4.786300923226428,67.08963499016166
4.841723675841039,67.08963499006069
4.897788193684509,67.08963498995743
4.95450190804795,67.08963498985619
5.011872336272772,67.08963498975471
5.069907082747093,67.08963498964422
5.128613839913699,67.08963498953558
5.188000389289662,67.0896349894178
5.248074602497778,67.08963498930176
5.308844442309936,67.08963498918301
5.370317963702581,67.08963498906367
5.432503314924387,67.08963498893932
5.495408738576301,67.08963498880989
5.559042572704092,67.08963498867968
5.623413251903548,67.08963498854862
5.688529308438473,67.0896349884101
5.754399373371629,67.08963498826839
5.821032177708775,67.08963498813216
5.888436553555951,67.08963498798389
5.956621435290167,67.08963498783001
6.025595860743641,67.08963498768141
6.095368972401756,67.08963498751829
6.165950018614887,67.08963498736247
6.237348354824259,67.08963498720074
6.309573444802,67.08963498703299
6.382634861905555,67.08963498685696
6.456542290346625,67.08963498667914
6.531305526474794,67.08963498650377
6.606934480076032,67.08963498631985
6.683439175686219,67.08963498612945
6.760829753919892,67.08963498593904
6.839116472814369,67.08963498574197
6.918309709189442,67.0896349855381
6.998419960022813,67.08963498533392
7.079457843841459,67.08963498511838
7.161434102129101,67.08963498489791
7.244359600749983,67.08963498468333
7.328245331389125,67.08963498444832
7.413102413009261,67.08963498422332
7.498942093324645,67.0896349839842
7.585775750291926,67.08963498374828
7.67361489361828,67.08963498349799
7.762471166287009,67.08963498323537
7.852356346100811,67.08963498298431
7.943282347242909,67.08963498271845
8.035261221856269,67.0896349824464
8.128305161641091,67.08963498216801
8.222426499470812,67.08963498188314
8.317637711026812,67.08963498158946
8.413951416452054,67.08963498129117
8.511380382023869,67.08963498098373
8.609937521846113,67.08963498067139
8.709635899560915,67.08963498034957
8.810488730080252,67.08963498002251
8.912509381337568,67.08963497968999
9.015711376059683,67.08963497934096
9.120108393559214,67.08963497899704
9.22571427154775,67.08963497863623
9.332543007970031,67.08963497826925
9.440608762859357,67.08963497789154
9.549925860214485,67.08963497750726
9.660508789898261,67.08963497711622
9.772372209558236,67.08963497670727
9.885530946569521,67.0896349762977
10.00000000000014,67.08963497587854
10.11579454259912,67.08963497544954
10.23292992280768,67.08963497500397
10.35142166679358,67.08963497454812
10.47128548050914,67.08963497408394
10.59253725177304,67.08963497361336
10.71519305237621,67.0896349731274
10.83926914021219,67.08963497264109
10.96478196143201,67.08963497213014
11.09174815262417,67.08963497161177
11.2201845430198,67.0896349710835
11.35010815672332,67.08963497053196
11.481536214969,67.08963496998089
11.6144861384036,67.08963496940812
11.74897554939547,67.08963496883086
11.88502227437036,67.08963496823787
12.02264434617431,67.08963496762229
12.16186000646386,67.08963496699906
12.302687708124,67.08963496636569
12.44514611771404,67.08963496570655
12.58925411794186,67.08963496504093
12.73503081016681,67.08963496436195
12.88249551693154,67.0896349636605
13.03166778452319,67.08963496294494
13.18256738556427,67.08963496220397
13.33521432163345,67.08963496145252
13.48962882591675,67.08963496068797
13.64583136588946,67.08963495990557
13.80384264602906,67.08963495910051
13.9636836105596,67.08963495827238
14.12537544622777,67.0896349574295
14.28893958511125,67.08963495657358
14.4543977074595,67.08963495569543
14.62177174456741,67.08963495479678
14.79108388168231,67.08963495386841
14.96235656094458,67.08963495291857
15.13561248436233,67.08963495195987
15.31087461682055,67.08963495096776
15.48816618912507,67.08963494995919
15.66751070108175,67.08963494892271
15.8489319246114,67.08963494787307
16.03245390690068,67.08963494678348
16.21810097358957,67.08963494567084
16.40589773199567,67.08963494453675
16.59586907437589,67.08963494337189
16.78804018122589,67.08963494218217
16.98243652461773,67.08963494096699
17.17908387157618,67.08963493971912
17.37800828749405,67.08963493844666
17.57923613958723,67.08963493714457
17.78279410038954,67.08963493581214
17.98870915128819,67.08963493444649
18.19700858610015,67.0896349330469
18.40772001468988,67.08963493162136
18.620871366629,67.0896349301582
18.83649089489834,67.08963492866536
19.05460717963281,67.08963492713116
19.2752491319097,67.08963492555696
19.4984459975808,67.08963492395722
19.72422736114889,67.08963492231797
19.95262314968916,67.08963492064053
20.18366363681598,67.08963491891967
20.41737944669567,67.0896349171632
20.65380155810567,67.0896349153636
20.89296130854078,67.08963491351997
21.13489039836686,67.08963491163787
21.37962089502272,67.08963490970319
21.62718523727061,67.08963490774111
21.87761623949594,67.08963490572658
22.13094709605679,67.08963490365416
22.38721138568382,67.08963490153586
22.64644307593103,67.08963489937709
22.90867652767817,67.08963489715926
23.17394649968523,67.08963489489646
23.44228815319967,67.08963489258097
23.71373705661701,67.0896348902028
23.98832919019537,67.08963488778691
24.26610095082463,67.08963488529926
24.54708915685078,67.08963488275819
24.83133105295619,67.08963488016016
25.11886431509629,67.08963487749288
25.40972705549355,67.08963487477241
25.70395782768914,67.08963487198203
26.00159563165323,67.08963486913333
26.30267991895434,67.08963486621175
26.60725059798863,67.08963486322662
26.9153480392697,67.08963486016984
27.22701308077967,67.08963485705068
27.54228703338222,67.08963485384132
27.86121168629827,67.08963485057059
28.18382931264512,67.08963484722368
28.51018267503968,67.08963484379662
28.84031503126666,67.08963484027888
29.17427014001227,67.08963483669478
29.51209226666447,67.08963483301623
29.85382618918022,67.08963482925657
30.19951720402079,67.08963482541598
30.54921113215577,67.08963482147934
30.90295432513656,67.08963481744892
31.26079367124021,67.08963481333349
31.62277660168446,67.08963480911343
31.98895109691466,67.0896348047996
32.35936569296351,67.08963480038096
32.73406948788452,67.08963479586173
33.11311214825982,67.08963479123079
33.49654391578348,67.0896347864966
33.88441561392099,67.08963478166321
34.27677865464577,67.08963477670403
34.67368504525391,67.08963477162736
35.07518739525756,67.08963476644143
35.48133892335832,67.08963476113475
35.8921934645013,67.08963475570015
36.30780547701093,67.08963475013692
36.72823004980928,67.08963474445086
37.15352290971808,67.08963473862369
37.58374042884525,67.08963473266539
38.01893963205697,67.08963472657938
38.45917820453622,67.08963472033622
38.90451449942894,67.08963471395226
39.35500754557864,67.08963470741757
39.81071705535063,67.08963470073525
40.27170343254683,67.08963469389299
40.7380277804122,67.08963468688938
41.20975190973397,67.08963467972946
41.6869383470345,67.08963467239847
42.1696503428592,67.08963466489912
42.65795188016025,67.08963465722744
43.15190768277753,67.08963464936841
43.65158322401761,67.08963464133754
44.15704473533228,67.08963463311093
44.66835921509736,67.08963462469733
45.1855944374933,67.08963461608134
45.70881896148858,67.08963460727151
46.23810213992712,67.08963459825445
46.77351412872093,67.08963458903192
47.31512589614917,67.08963457958158
47.86300923226497,67.08963456992025
48.41723675841109,67.08963456002753
48.97788193684579,67.08963454990692
49.54501908048021,67.08963453955523
50.11872336272843,67.08963452896265
50.69907082747166,67.08963451812571
51.28613839913773,67.08963450703213
51.88000389289737,67.08963449567821
52.48074602497854,67.08963448406233
53.08844442310013,67.08963447217393
53.70317963702659,67.08963446000675
54.32503314924465,67.08963444756307
54.95408738576381,67.08963443482318
55.59042572704173,67.08963442178909
56.23413251903629,67.08963440844951
56.88529308438555,67.08963439480394
57.54399373371712,67.0896343808364
58.21032177708859,67.08963436653951
58.88436553556037,67.08963435192535
59.56621435290254,67.08963433695997
60.25595860743729,67.08963432163981
60.95368972401845,67.08963430596766
61.65950018614978,67.08963428993306
62.37348354824351,67.08963427352532
63.09573444802093,67.08963425673574
63.8263486190565,67.0896342395489
64.56542290346721,67.0896342219644
65.31305526474891,67.08963420397733
66.0693448007613,67.0896341855585
66.83439175686318,67.08963416672651
67.60829753919992,67.08963414743648
68.3911647281447,67.08963412771313
69.18309709189545,67.08963410752852
69.98419960022918,67.08963408686981
70.79457843841564,67.08963406572821
71.61434102129208,67.0896340440991
72.44359600750091,67.08963402196225
73.28245331389235,67.08963399931035
74.13102413009372,67.08963397613356
74.98942093324759,67.08963395242178
75.85775750292041,67.08963392814498
76.73614893618395,67.08963390330997
77.62471166287126,67.08963387789704
78.5235634610093,67.089633851884
79.4328234724303,67.08963382526579
80.35261221856391,67.08963379804143
81.28305161641214,67.08963377017029
82.22426499470936,67.08963374165072
83.17637711026937,67.08963371247197
84.13951416452181,67.08963368261857
85.11380382023998,67.08963365206164
86.09937521846243,67.08963362079152
87.09635899561046,67.0896335888004
88.10488730080384,67.08963355605601
89.12509381337702,67.08963352255417
90.15711376059819,67.08963348827054
91.20108393559352,67.08963345318479
92.25714271547889,67.08963341728925
93.32543007970172,67.0896333805518
94.40608762859499,67.08963334295956
95.49925860214628,67.08963330449258
96.60508789898407,67.08963326513052
97.72372209558384,67.08963322485469
98.85530946569669,67.08963318363723
100.0000000000028,67.08963314145191
101.1579454259927,67.08963309828732
102.3292992280783,67.08963305412715
103.5142166679373,67.08963300893274
104.712854805093,67.08963296268885
105.9253725177319,67.08963291535355
107.1519305237637,67.08963286692794
108.3926914021235,67.08963281737549
109.6478196143217,67.08963276666775
110.9174815262433,67.0896327147713
112.2018454301996,67.08963266167613
113.5010815672348,67.08963260734103
114.8153621496916,67.08963255173504
116.1448613840377,67.08963249483959
117.4897554939564,67.08963243662238
118.8502227437053,67.08963237703729
120.2264434617448,67.08963231607025
121.6186000646404,67.08963225368674
123.0268770812418,67.08963218984938
124.4514611771422,67.08963212451999
125.8925411794204,67.08963205767488
127.3503081016699,67.08963198926334
128.8249551693172,67.08963191926883
130.3166778452338,67.0896318476433
131.8256738556446,67.08963177434232
133.3521432163364,67.08963169934232
134.8962882591694,67.08963162257955
136.4583136588965,67.08963154403737
138.0384264602926,67.08963146367859
139.636836105598,67.08963138143656
141.2537544622797,67.08963129728086
142.8893958511146,67.08963121116038
144.5439770745971,67.08963112303383
146.2177174456763,67.08963103286985
147.9108388168252,67.08963094057917
149.6235656094479,67.08963084616096
151.3561248436255,67.08963074953246
153.1087461682077,67.08963065065777
154.8816618912529,67.08963054948013
156.6751070108197,67.08963044594381
158.4893192461163,67.08963034000048
160.3245390690091,67.08963023157661
162.181009735898,67.08963012064527
164.058977319959,67.08963000712154
165.9586907437613,67.08962989094529
167.8804018122613,67.08962977207463
169.8243652461798,67.08962965042915
171.7908387157642,67.08962952595093
173.780082874943,67.0896293985828
175.7923613958748,67.08962926823764
177.8279410038979,67.08962913485297
179.8870915128845,67.0896289983603
181.9700858610041,67.08962885870045
184.0772001469014,67.0896287157798
186.2087136662927,67.08962856953138
188.3649089489861,67.08962841987774
190.5460717963308,67.08962826673958
192.7524913190998,67.08962811002927
194.9844599758108,67.08962794966817
197.2422736114917,67.08962778558224
199.5262314968944,67.08962761766711
201.8366363681626,67.08962744584912
204.1737944669595,67.08962727000672
206.5380155810597,67.08962709008821
208.9296130854108,67.08962690597433
211.3489039836716,67.08962671756534
213.7962089502302,67.0896265247702
216.2718523727091,67.08962632748678
218.7761623949624,67.08962612561497
221.309470960571,67.08962591904346
223.8721138568413,67.08962570764319
226.4644307593134,67.08962549133058
229.0867652767849,67.08962526997576
231.7394649968555,67.08962504346148
234.422881532,67.08962481167653
237.1373705661734,67.08962457449374
239.8832919019571,67.08962433177877
242.6610095082497,67.08962408341178
245.4708915685113,67.08962382926997
248.3133105295654,67.08962356919032
251.1886431509665,67.08962330306566
254.0972705549391,67.0896230307485
257.0395782768951,67.08962275206839
260.015956316536,67.08962246691482
263.0267991895471,67.08962217511277
266.07250597989,67.08962187651201
269.1534803927008,67.08962157095442
272.2701308078006,67.08962125828904
275.4228703338261,67.08962093832845
278.6121168629866,67.08962061092284
281.8382931264551,67.08962027588568
285.1018267504008,67.08961993305041
288.4031503126706,67.08961958223112
291.7427014001268,67.08961922323323
295.1209226666488,67.08961885587968
298.5382618918064,67.08961847996284
301.9951720402122,67.08961809529228
305.492111321562,67.08961770166866
309.0295432513699,67.08961729886819
312.6079367124065,67.08961688668191
316.2277660168491,67.08961646489583
319.8895109691511,67.08961603329531
323.5936569296397,67.08961559163428
327.3406948788498,67.08961513968754
331.1311214826029,67.0896146772135
334.9654391578396,67.08961420396288
338.8441561392146,67.08961371968935
342.7677865464626,67.08961322414299
346.736850452544,67.0896127170482
350.7518739525806,67.08961219814734
354.8133892335882,67.08961166715024
358.9219346450182,67.08961112379315
363.0780547701145,67.08961056777736
367.282300498098,67.08960999880399
371.5352290971861,67.08960941658479
375.8374042884579,67.08960882081138
380.1893963205751,67.08960821114417
384.5917820453677,67.08960758728209
389.0451449942949,67.08960694889035
393.550075455792,67.0896062956308
398.1071705535119,67.08960562715309
402.7170343254739,67.08960494309876
407.3802778041278,67.08960424311863
412.0975190973455,67.08960352683538
416.8693834703508,67.08960279385651
421.6965034285979,67.08960204382221
426.5795188016085,67.089601276309
431.5190768277813,67.08960049091036
436.5158322401822,67.08959968722775
441.570447353329,67.08959886482023
446.6835921509798,67.08959802325658
451.8559443749393,67.08959716208888
457.0881896148922,67.08959628086753
462.3810213992777,67.0895953791149
467.7351412872158,67.08959445636863
473.1512589614983,67.08959351211816
478.6300923226564,67.08959254587211
484.1723675841176,67.08959155712959
489.7788193684647,67.08959054534512
495.450190804809,67.08958951000024
501.1872336272913,67.08958845053785
506.9907082747236,67.08958736639899
512.8613839913844,67.08958625700726
518.8000389289809,67.08958512177723
524.8074602497927,67.0895839600902
530.8844442310087,67.08958277136578
537.0317963702734,67.08958155493508
543.2503314924542,67.08958031017565
549.5408738576458,67.08957903643038
555.9042572704251,67.08957773301371
562.3413251903709,67.08957639923312
568.8529308438635,67.08957503438218
575.4399373371793,67.08957363774452
582.1032177708942,67.0895722085739
588.843655355612,67.08957074611334
595.6621435290338,67.08956924959699
602.5595860743814,67.08956771820822
609.5368972401932,67.08956615115777
616.5950018615065,67.08956454760691
623.7348354824439,67.08956290669981
630.9573444802182,67.08956122758264
638.263486190574,67.08955950934205
645.6542290346812,67.08955775108328
653.1305526474983,67.08955595187288
660.6934480076224,67.08955411075794
668.3439175686412,67.08955222675242
676.0829753920087,67.0895502988672
683.9116472814567,67.08954832607026
691.8309709189642,67.08954630732984
699.8419960023016,67.08954424155711
707.9457843841664,67.08954212767323
716.1434102129308,67.08953996455863
724.4359600750192,67.08953775104578
732.8245331389337,67.08953548599294
741.3102413009475,67.08953316816768
749.8942093324862,67.08953079635988
758.5775750292145,67.08952836929591
767.3614893618501,67.0895258857165
776.2471166287233,67.08952334428226
785.2356346101038,67.08952074365371
794.3282347243139,67.08951808244915
803.5261221856501,67.08951535925254
812.8305161641325,67.08951257263257
822.2426499471048,67.08950972110462
831.7637711027052,67.08950680315844
841.3951416452297,67.0895038172421
851.1380382024115,67.08950076178509
860.9937521846362,67.08949763515389
870.9635899561166,67.08949443569695
881.0488730080506,67.08949116171324
891.2509381337825,67.08948781148189
901.5711376059943,67.0894843832089
912.0108393559476,67.08948087508519
922.5714271548015,67.0894772852506
933.2543007970299,67.08947361179956
944.0608762859628,67.08946985279312
954.9925860214759,67.0894660062208
966.0508789898538,67.08946207006073
977.2372209558516,67.08945804222176
988.5530946569803,67.08945392055104
1000.000000000042,67.08944970288977
1011.579454259941,67.08944538698894
1023.292992280797,67.08944097057382
1035.142166679388,67.08943645127269
1047.128548050944,67.08943182672054
1059.253725177334,67.08942709444857
1071.519305237652,67.08942225195933
1083.92691402125,67.08941729667083
1096.478196143232,67.08941222597623
1109.174815262448,67.08940703716398
1122.018454302011,67.08940172749924
1135.010815672363,67.08939629416352
1148.153621496932,67.08939073427729
1161.448613840392,67.08938504489173
1174.89755493958,67.08937922298514
1188.502227437069,67.08937326549405
1202.264434617464,67.08936716923512
1216.18600064642,67.08936093097556
1230.268770812434,67.08935454742272
1244.514611771438,67.08934801518949
1258.925411794221,67.08934133081449
1273.503081016716,67.08933449074698
1288.249551693189,67.08932749136257
1303.166778452356,67.08932032895464
1318.256738556464,67.08931299973688
1333.521432163382,67.08930549979316
1348.962882591712,67.08929782517804
1364.583136588984,67.08928997180786
1380.384264602945,67.08928193552823
1396.368361055999,67.089273712088
1412.537544622816,67.08926529708451
1428.893958511165,67.08925668609882
1445.439770745991,67.08924787456461
1462.177174456782,67.08923885779406
1479.108388168273,67.08922963101476
1496.235656094499,67.08922018934527
1513.561248436275,67.08921052775987
1531.087461682098,67.08920064116442
1548.81661891255,67.08919052429549
1566.751070108219,67.08918017178735
1584.893192461184,67.08916957817796
1603.245390690113,67.08915873784274
1621.810097359002,67.08914764502208
1640.589773199612,67.08913629384463
1659.586907437635,67.08912467830878
1678.804018122635,67.08911279222281
1698.24365246182,67.08910062932385
1717.908387157665,67.08908818314356
1737.800828749454,67.08907544709639
1757.923613958772,67.08906241442376
1778.279410039003,67.08904907821884
1798.870915128869,67.08903543142502
1819.700858610066,67.08902146679297
1840.772001469039,67.08900717692916
1862.087136662952,67.08899255427667
1883.649089489886,67.08897759104134
1905.460717963334,67.08896227933828
1927.524913191024,67.08894661103706
1949.844599758134,67.08893057782294
1972.422736114944,67.08891417121642
1995.262314968971,67.08889738251645
2018.366363681653,67.08888020282849
2041.737944669623,67.08886262302495
2065.380155810624,67.08884463382108
2089.296130854135,67.08882622566972
2113.489039836744,67.08880738883036
2137.96208950233,67.0887881132921
2162.71852372712,67.08876838886644
2187.761623949653,67.08874820509469
2213.09470960574,67.08872755127295
2238.721138568443,67.08870641647053
2264.644307593165,67.08868478947169
2290.867652767879,67.08866265883526
2317.394649968586,67.08864001282528
2344.228815320031,67.08861683944848
2371.373705661766,67.08859312641513
2398.832919019602,67.08856886116327
2426.610095082529,67.08854403084965
2454.708915685145,67.08851862231259
2483.133105295687,67.0884926220868
2511.886431509698,67.08846601638967
2540.972705549425,67.0884387911599
2570.395782768985,67.08841093192125
2600.159563165395,67.08838242395824
2630.267991895506,67.08835325214692
2660.725059798935,67.08832340104286
2691.534803927043,67.08829285482938
2722.701308078041,67.0882615973223
2754.228703338297,67.08822961197666
2786.121168629903,67.08819688182777
2818.382931264588,67.08816338956092
2851.018267504045,67.08812911741917
2884.031503126743,67.08809404726617
2917.427014001306,67.08805816051311
2951.209226666527,67.08802143814839
2985.382618918103,67.08798386074277
3019.951720402161,67.08794540837798
3054.92111321566,67.08790606069525
3090.295432513739,67.08786579685612
3126.079367124106,67.08782459550531
3162.277660168532,67.08778243489692
3198.895109691553,67.08773929265824
3235.93656929644,67.08769514595029
3273.406948788541,67.08764997140126
3311.311214826072,67.08760374508334
3349.65439157844,67.08755644253711
3388.441561392191,67.08750803869545
3427.677865464671,67.08745850795978
3467.368504525486,67.08740782408182
3507.518739525852,67.08735596022186
3548.133892335929,67.08730288895195
3589.219346450228,67.08724858215433
3630.780547701192,67.08719301110034
3672.823004981028,67.08713614636554
3715.352290971909,67.08707795785132
3758.374042884627,67.08701841476247
3801.8939632058,67.08695748556491
3845.917820453726,67.08689513804534
3890.451449942999,67.08683133918964
3935.50075455797,67.08676605523536
3981.071705535171,67.08669925164956
4027.170343254792,67.08663089304957
4073.80277804133,67.08656094330883
4120.975190973508,67.086489365372
4168.693834703562,67.0864161214123
4216.965034286033,67.08634117265233
4265.79518801614,67.08626447945282
4315.190768277868,67.08618600124821
4365.158322401879,67.08610569652093
4415.704473533347,67.08602352277097
4466.835921509855,67.08593943658298
4518.559443749451,67.08585339345298
4570.881896148981,67.08576534788067
4623.810213992836,67.08567525331065
4677.351412872218,67.08558306209933
4731.512589615044,67.08548872551391
4786.300923226626,67.08539219366764
4841.723675841239,67.08529341552422
4897.788193684711,67.08519233887101
4954.501908048154,67.08508891027441
5011.872336272978,67.08498307502992
5069.907082747302,67.0848747772602
5128.613839913911,67.0847639597286
5188.000389289877,67.08465056384654
5248.074602497995,67.08453452969721
5308.844442310156,67.08441579597172
5370.317963702803,67.08429429994135
5432.503314924612,67.08416997742917
5495.408738576529,67.08404276275694
5559.042572704323,67.08391258872827
5623.413251903782,67.08377938659139
5688.529308438709,67.08364308602076
5754.399373371868,67.08350361502373
5821.032177709017,67.08336089995967
5888.436553556196,67.08321486549298
5956.621435290415,67.083065434532
6025.595860743892,67.08291252820854
6095.368972402011,67.08275606580195
6165.950018615144,67.08259596475172
6237.348354824519,67.08243214058396
6309.573444802264,67.0822645068545
6382.634861905823,67.08209297509744
6456.542290346895,67.08191745489479
6531.305526475068,67.08173785365078
6606.934480076309,67.08155407665286
6683.4391756865,67.08136602697684
6760.829753920176,67.0811736054933
6839.116472814656,67.08097671076848
6918.309709189733,67.08077523901375
6998.419960023108,67.08056908405609
7079.457843841757,67.08035813724827
7161.434102129402,67.08014228749336
7244.359600750287,67.07992142104783
7328.245331389433,67.079695421572
7413.102413009572,67.07946417008299
7498.94209332496,67.07922754475183
7585.775750292245,67.07898542109996
7673.614893618602,67.07873767163015
7762.471166287335,67.07848416596362
7852.356346101141,67.07822477072281
7943.282347243244,67.07795934941282
8035.261221856606,67.07768776244944
8128.305161641432,67.07740986698948
8222.426499471158,67.07712551690776
8317.637711027162,67.07683456275045
8413.95141645241,67.07653685156728
8511.38038202423,67.07623222690083
8609.937521846477,67.07592052875664
8709.635899561283,67.07560159339751
8810.488730080624,67.0752752533144
8912.509381337944,67.07494133717164
9015.711376060064,67.07459966971744
9120.1083935596,67.0742500716122
9225.71427154814,67.07389235947009
9332.543007970426,67.07352634562659
9440.608762859756,67.07315183812197
9549.925860214889,67.07276864068439
9660.508789898671,67.07237655243914
9772.372209558651,67.07197536792023
9885.530946569939,67.07156487696246
10000.00000000056,67.07114486461275
10115.79454259955,67.0707151109675
10232.92992280811,67.07027539105542
10351.42166679402,67.06982547487682
10471.28548050958,67.06936512704684
10592.53725177348,67.0688941068403
10715.19305237667,67.06841216805419
10839.26914021264,67.06791905881482
10964.78196143247,67.06741452151087
11091.74815262464,67.06689829272145
11220.18454302027,67.06637010295027
11350.10815672379,67.06582967654832
11481.53621496948,67.06527673159627
11614.48613840408,67.06471097978489
11748.97554939596,67.06413212620033
11885.02227437086,67.06353986924813
12022.64434617481,67.06293390045251
12161.86000646437,67.06231390433896
12302.68770812451,67.06167955821894
12445.14611771456,67.06103053222853
12589.25411794239,67.06036648889203
12735.03081016734,67.05968708309751
12882.49551693208,67.05899196187883
13031.66778452374,67.05828076439582
13182.56738556483,67.05755312154618
13335.21432163401,67.05680865589746
13489.62882591731,67.05604698146966
13645.83136589003,67.05526770367482
13803.84264602965,67.0544704188859
13963.68361056018,67.05365471445172
14125.37544622836,67.05282016834254
14288.93958511186,67.05196634918256
14454.39770746011,67.05109281576017
14621.77174456803,67.0501991169351
14791.08388168293,67.04928479156733
14962.3565609452,67.04834936805192
15135.61248436296,67.04739236424373
15310.87461682119,67.04641328724094
15488.16618912572,67.04541163303078
15667.5107010824,67.04438688640087
15848.93192461206,67.0433385206162
16032.45390690135,67.04226599715282
16218.10097359025,67.04116876548076
16405.89773199635,67.04004626297359
16595.86907437658,67.03889791425586
16788.04018122658,67.03772313134128
16982.43652461844,67.03652131309559
17179.08387157689,67.03529184508599
17378.00828749477,67.03403409932362
17579.23613958796,67.03274743378486
17782.79410039027,67.03143119253032
17988.70915128893,67.03008470486436
18197.0085861009,67.0287072855471
18407.72001469064,67.02729823408086
18620.87136662977,67.02585683471715
18836.49089489911,67.02438235590856
19054.6071796336,67.02287405015002
19275.2491319105,67.02133115349822
19498.44599758161,67.01975288542116
19724.2273611497,67.01813844826732
19952.62314968998,67.01648702708511
20183.66363681681,67.01479778920704
20417.3794466965,67.01306988381087
20653.80155810652,67.01130244175702
20892.96130854163,67.00949457496596
21134.89039836772,67.00764537630621
21379.62089502359,67.00575391904205
21627.18523727149,67.00381925644621
21877.61623949683,67.00184042157274
22130.94709605769,66.999816426679
22387.21138568473,66.99774626288141
22646.44307593195,66.9956288998376
22908.6765276791,66.99346328520669
23173.94649968617,66.99124834422162
23442.28815320062,66.9889829794983
23713.73705661797,66.98666607025528
23988.32919019635,66.98429647212295
24266.10095082561,66.98187301666013
24547.08915685178,66.9793945108209
24831.3310529572,66.97685973659073
25118.86431509731,66.97426745053929
25409.72705549458,66.97161638317557
25703.95782769019,66.96890523880408
26001.59563165429,66.96613269468472
26302.67991895541,66.9632974008359
26607.25059798971,66.96039797946936
26915.34803927079,66.95743302440511
27227.01308078078,66.95440110068803
27542.28703338334,66.95130074403065
27861.2116862994,66.94813046035313
28183.82931264625,66.9448887252598
28510.18267504083,66.94157398350643
28840.31503126782,66.93818464850956
29174.27014001345,66.93471910184716
29512.09226666566,66.93117569272142
29853.82618918143,66.92755273737734
30199.51720402201,66.92384851864202
30549.21113215701,66.92006128540086
30902.95432513781,66.91618925211199
31260.79367124147,66.91223059803357
31622.77660168574,66.90818346706693
31988.95109691595,66.90404596685832
32359.36569296482,66.89981616851139
32734.06948788584,66.89549210597345
33113.11214826116,66.89107177536725
33496.54391578484,66.88655313480999
33884.41561392236,66.88193410340811
34276.77865464716,66.87721256109923
34673.68504525532,66.8723863480152
35075.18739525898,66.8674532638077
35481.33892335976,66.86241106733654
35892.19346450276,66.85725747605309
36307.8054770124,66.85199016545646
36728.23004981076,66.84660676868153
37153.52290971958,66.84110487588083
37583.74042884677,66.83548203384601
38018.9396320585,66.82973574529163
38459.17820453777,66.82386346878613
38904.5144994305,66.81786261779889
39355.00754558022,66.81173056066159
39810.71705535223,66.80546461982915
40271.70343254845,66.79906207151116
40738.02778041385,66.79252014532184
41209.75190973563,66.78583602387997
41686.93834703618,66.77900684213144
42169.6503428609,66.77202968747929
42657.95188016197,66.76490159898184
43151.90768277926,66.75761956708629
43651.58322401937,66.75018053348573
44157.04473533406,66.74258139062181
44668.35921509915,66.73481898150627
45185.59443749511,66.72689009938465
45708.81896149042,66.71879148754994
46238.10213992898,66.71051983912598
46773.51412872281,66.70207179686514
47315.12589615108,66.69344395289124
47863.0092322669,66.68463284875047
48417.23675841304,66.67563497535154
48977.88193684776,66.66644677252781
49545.01908048221,66.65706462948036
50118.72336273045,66.64748488441309
50699.0708274737,66.63770382475045
51286.13839913979,66.62771768715953
51880.00389289945,66.61752265780447
52480.74602498065,66.60711487219834
53088.44442310226,66.59649041579148
53703.17963702875,66.58564532386467
54325.03314924684,66.57457558210228
54954.08738576602,66.56327712669079
55590.42572704397,66.5517458449693
56234.13251903857,66.53997757562578
56885.29308438785,66.52796810935857
57543.99373371944,66.51571318932243
58210.32177709094,66.50320851182512
58884.36553556274,66.4904497268942
59566.21435290494,66.47743243915583
60255.95860743972,66.46415220839985
60953.68972402091,66.45060455050975
61659.50018615227,66.43678493854074
62373.48354824603,66.42268880338719
63095.73444802348,66.40831153516352
63826.34861905907,66.39364848393214
64565.42290346981,66.37869496128934
65313.05526475154,66.36344624117203
66069.34480076397,66.34789756162724
66834.39175686588,66.3320441258272
67608.29753920266,66.31588110378134
68391.16472814747,66.2994036337722
69183.09709189825,66.28260682396909
69984.19960023201,66.26548575411681
70794.57843841851,66.24803547723496
71614.34102129498,66.23025102174628
72443.59600750385,66.21212739307455
73282.45331389531,66.19365957570788
74131.02413009672,66.17484253541737
74989.42093325061,66.1556712212505
75857.75750292347,66.13614056795677
76736.14893618705,66.1162454979885
77624.7116628744,66.09598092421093
78523.56346101247,66.07534175219153
79432.82347243351,66.05432288275888
80352.61221856714,66.03291921462657
81283.05161641541,66.01112564694959
82224.26499471266,65.98893708243995
83176.37711027272,65.96634842976933
84139.5141645252,65.94335460672433
85113.80382024341,65.9199505429887
86099.3752184659,65.89613118340002
87096.35899561396,65.87189149080807
88104.88730080739,65.84722644929516
89125.0938133806,65.8221310675067
90157.11376060182,65.79660038161519
91201.08393559718,65.7706294589549
92257.14271548261,65.74421340111842
93325.43007970547,65.71734734750162
94406.08762859879,65.69002647868854
95499.25860215013,65.66224601988706
96605.08789898796,65.63400124440142
97723.72209558777,65.60528747740035
98855.30946570067,65.57610009903843
100000.0000000069,65.54643454843315
101157.9454259968,65.5162863270516
102329.2992280825,65.48565100230773
103514.2166679415,65.45452421111945
104712.8548050972,65.42290166355927
105925.3725177362,65.39077914642527
107151.930523768,65.35815252684205
108392.6914021278,65.3250177555875
109647.8196143261,65.29137087094679
110917.4815262478,65.25720800185373
112201.8454302041,65.22252537159257
113501.0815672394,65.18731930109942
114815.3621496962,65.15158621229109
116144.8613840423,65.11532263137643
117489.7554939611,65.07852519213353
118850.2227437101,65.04119063901406
120226.4434617497,65.0033158302642
121618.6000646453,64.9648977409293
123026.8770812467,64.92593346578003
124451.4611771472,64.88642022214033
125892.5411794255,64.84635535264177
127350.3081016751,64.8057363277764
128824.9551693224,64.76456074856391
130316.6778452391,64.72282634880864
131825.6738556499,64.68053099745407
133352.1432163418,64.63767270081327
134896.2882591748,64.59424960449843
136458.3136589021,64.5502599954246
138038.4264602982,64.50570230343909
139636.8361056036,64.46057510309974
141253.7544622854,64.41487711508715
142889.3958511204,64.36860720754923
144543.977074603,64.32176439728732
146217.7174456822,64.27434785076596
147910.8388168312,64.22635688509347
149623.5656094539,64.17779096861032
151356.1248436316,64.12864972147376
153108.7461682139,64.07893291616813
154881.6618912592,64.02864047768054
156675.1070108261,63.97777248347136
158489.3192461227,63.92632916359686
160324.5390690156,63.8743109002793
162181.0097359046,63.82171822770254
164058.9773199657,63.76855183118012
165958.690743768,63.71481254668556
167880.4018122681,63.66050135981805
169824.3652461866,63.60561940482367
171790.8387157712,63.55016796347084
173780.0828749501,63.49414846347813
175792.3613958819,63.43756247736503
177827.9410039051,63.38041172051237
179887.0915128918,63.32269804961641
181970.0858610115,63.26442346057532
184077.2001469089,63.20559008672146
186208.7136663002,63.14620019631846
188364.9089489937,63.08625619058974
190546.0717963385,63.02576060104578
192752.4913191076,62.96471608717713
194984.4599758187,62.90312543363572
197242.2736114997,62.84099154765727
199526.2314969025,62.77831745603437
201836.6363681708,62.7151063025176
204173.7944669678,62.65136134439134
206538.015581068,62.58708594971358
208929.6130854192,62.522283593955
211348.9039836801,62.45695785686694
213796.2089502389,62.39111241915683
216271.8523727179,62.32475105913964
218776.1623949713,62.25787764930251
221309.47096058,62.19049615292089
223872.1138568504,62.1226106204812
226464.4307593226,62.05422518628236
229086.7652767941,61.98534406484382
231739.4649968649,61.9159715472512
234422.8815320095,61.84611199779621
237137.370566183,61.77576985012406
239883.2919019667,61.70494960389959
242661.0095082594,61.63365582100377
245470.8915685211,61.56189312209627
248313.3105295753,61.48966618304975
251188.6431509765,61.41697973132054
254097.2705549493,61.34383854239901
257039.5782769054,61.27024743649263
260015.9563165464,61.19621127488877
263026.7991895577,61.12173495654181
266072.5059799007,61.04682341473718
269153.4803927116,60.97148161370779
272270.1308078115,60.89571454533095
275422.8703338372,60.81952722586551
278612.1168629978,60.74292469282554
281838.2931264665,60.66591200170193
285101.8267504122,60.58849422302742
288403.1503126821,60.51067643918569
291742.7014001385,60.43246374165572
295120.9226666606,60.35386122792973
298538.2618918183,60.27487399877689
301995.1720402242,60.19550715559559
305492.1113215743,60.11576579749556
309029.5432513822,60.03565501884254
312607.936712419,59.95517990670572
316227.7660168617,59.87434553841675
319889.5109691639,59.79315697912786
323593.6569296527,59.71161927951903
327340.6948788629,59.62973747360618
331131.1214826161,59.54751657657459
334965.439157853,59.46496158268143
338844.1561392282,59.38207746327006
342767.7865464764,59.29886916481285
346736.850452558,59.21534160720434
350751.8739525946,59.1314996818537
354813.3892336024,59.04734825000205
358921.9346450325,58.96289214117044
363078.054770129,58.87813615169787
367282.3004981126,58.7930850430452
371535.2290972008,58.70774354060318
375837.4042884728,58.6221163323417
380189.3963205902,58.53620806751445
384591.7820453829,58.45002335547818
389045.1449943103,58.36356676468257
393550.0754558076,58.27684282144208
398107.1705535277,58.18985600924267
402717.0343254899,58.10261076754996
407380.277804144,58.01511149113759
412097.5190973618,57.92736252932461
416869.3834703674,57.83936818509704
421696.5034286146,57.7511327145314
426579.5188016255,57.66266032577725
431519.0768277984,57.57395518040519
436515.8322401996,57.48502138988986
441570.4473533466,57.3958630172551
446683.5921509976,57.30648407610572
451855.9443749573,57.21688853040511
457088.1896149104,57.127080294041
462381.0213992961,57.03706323064681
467735.1412872344,56.94684115340538
473151.2589615172,56.85641782489167
478630.0923226755,56.76579695686175
484172.367584137,56.67498221040902
489778.8193684843,56.58397719565361
495450.1908048288,56.49278547190719
501187.2336273113,56.40141054762417
506990.7082747439,56.30985588052069
512861.3839914048,56.21812487769733
518800.0389290016,56.12622089567235
524807.4602498136,56.0341472405845
530884.4442310298,55.94190716847108
537031.7963702948,55.84950388536007
543250.3314924758,55.75694054753833
549540.8738576677,55.66422026183494
555904.2572704472,55.5713460859191
562341.3251903933,55.47832102861602
568852.9308438862,55.38514805017542
575439.9373372023,55.29183006264705
582103.2177709173,55.19836993026974
588843.6553556354,55.10477046987249
595662.1435290575,55.01103445114157
602559.5860744053,54.9171645972861
609536.8972402173,54.82316358517268
616595.0018615309,54.72903404593814
623734.8354824686,54.6347785653855
630957.3444802432,54.54039968429402
638263.4861905993,54.44589989970587
645654.2290347067,54.35128166385506
653130.5526475242,54.2565473863993
660693.4480076485,54.16169943353022
668343.9175686677,54.06674012916282
676082.9753920354,53.97167175533335
683911.6472814836,53.87649655268709
691830.9709189915,53.78121672103136
699841.9960023292,53.68583441972978
707945.7843841943,53.59035176845587
716143.410212959,53.49477084751607
724435.9600750478,53.39909369846031
732824.5331389626,53.30332232463667
741310.2413009767,53.20745869170275
749894.2093325157,53.11150472817926
758577.5750292444,53.01546232590608
767361.4893618803,52.91933334072775
776247.116628754,52.8231195929056
785235.6346101348,52.72682286750658
794328.2347243453,52.63044491561615
803526.1221856818,52.53398745392713
812830.5161641646,52.4374521657835
822242.6499471373,52.34084070177782
831763.771102738,52.24415467998972
841395.1416452629,52.14739568671848
851138.0382024451,52.05056527693034
860993.7521846702,51.95366497477672
870963.5899561511,51.85669627406727
881048.8730080854,51.75966063888757
891250.9381338177,51.66255950395624
901571.13760603,51.56539427528823
912010.8393559838,51.46816633030918
922571.4271548381,51.37087701917515
933254.3007970669,51.27352766424269
944060.8762860001,51.17611956113657
954992.5860215137,51.0786539791354
966050.8789898921,50.98113216158438
977237.2209558904,50.88355532644277
988553.0946570195,50.78592466662744
1000000.000000082,50.68824135047075
1011579.454259981,50.59050652237062
1023292.992280838,50.49272130282073
1035142.166679429,50.39488678953572
1047128.548050985,50.29700405709184
1059253.725177376,50.1990741578067
1071519.305237694,50.10109812212329
1083926.914021293,50.00307695889203
1096478.196143275,49.90501165588179
1109174.815262493,49.80690318010753
1122018.454302056,49.70875247832232
1135010.815672409,49.61056047751813
1148153.621496978,49.51232808485536
1161448.613840439,49.41405618851641
1174897.554939627,49.31574565778108
1188502.227437117,49.2173973436351
1202264.434617513,49.11901207886672
1216186.000646469,49.02059067864453
1230268.770812484,48.92213394090434
1244514.611771489,48.82364264634978
1258925.411794272,48.72511755911629
1273503.081016768,48.62655942701856
1288249.551693242,48.52796898181106
1303166.778452408,48.42934693957469
1318256.738556517,48.33069400111096
1333521.432163436,48.23201085203791
1348962.882591767,48.13329816329522
1364583.136589039,48.03455659126494
1380384.264603001,47.93578677826811
1396368.361056055,47.83698935279687
1412537.544622873,47.73816492968214
1428893.958511223,47.63931411041303
1445439.770746049,47.54043748349051
1462177.174456841,47.44153562465713
1479108.388168332,47.34260909723977
1496235.65609456,47.24365845217086
1513561.248436336,47.1446842285037
1531087.461682159,47.04568695352903
1548816.618912612,46.94666714311203
1566751.070108282,46.8476253017541
1584893.192461248,46.74856192307188
1603245.390690177,46.64947748979325
1621810.097359068,46.55037247421009
1640589.773199679,46.45124733819738
1659586.907437702,46.35210253353348
1678804.018122703,46.25293850220947
1698243.652461889,46.15375567635978
1717908.387157734,46.05455447884874
1737800.828749524,45.95533532308461
1757923.613958843,45.85609861349136
1778279.410039075,45.75684474564009
1798870.915128942,45.65757410626875
1819700.858610139,45.55828707381191
1840772.001469114,45.45898401828622
1862087.136663027,45.35966530149592
1883649.089489962,45.26033127746897
1905460.717963411,45.16098229223594
1927524.913191102,45.06161868436282
1949844.599758213,44.96224078492948
1972422.736115024,44.86284891759814
1995262.314969052,44.76344339912025
2018366.363681735,44.66402453903513
2041737.944669706,44.56459264026527
2065380.155810708,44.4651479988286
2089296.13085422,44.36569090447137
2113489.03983683,44.26622164032676
2137962.089502417,44.16674048339689
2162718.523727208,44.06724770460814
2187761.623949742,43.96774356883046
2213094.70960583,43.86822833507595
2238721.138568534,43.76870225679897
2264644.307593257,43.66916558164477
2290867.652767973,43.56961855205466
2317394.64996868,43.47006140480589
2344228.815320127,43.37049437179964
2371373.705661862,43.2709176795973
2398832.9190197,43.17133154990793
2426610.095082628,43.07173619939547
2454708.915685245,42.97213184014125
2483133.105295788,42.87251867949873
2511886.4315098,42.77289692015759
2540972.705549528,42.6732667604956
2570395.78276909,42.57362839451562
2600159.5631655,42.473982011844
2630267.991895613,42.3743277981004
2660725.059799044,42.27466593472109
2691534.803927153,42.1749965993329
2722701.308078153,42.07531996542401
2754228.70333841,41.97563620292352
2786121.168630017,41.87594547793859
2818382.931264703,41.77624795298154
2851018.267504162,41.67654378702835
2884031.503126862,41.57683313558751
2917427.014001426,41.4771161507997
2951209.226666648,41.37739298144719
2985382.618918225,41.27766377322139
3019951.720402285,41.17792866853676
3054921.113215785,41.07818780673454
3090295.432513866,40.97844132424105
3126079.367124234,40.87868935451283
3162277.660168662,40.77893202811706
3198895.109691684,40.679169472811
3235936.569296572,40.5794018136761
3273406.948788675,40.4796291730141
3311311.214826207,40.37985167067944
3349654.391578577,40.28006942388596
3388441.561392329,40.18028254738808
3427677.865464811,40.08049115346385
3467368.504525628,39.9806953521087
3507518.739525995,39.88089525098042
3548133.892336074,39.78109095551589
3589219.346450375,39.68128256882778
3630780.547701341,39.58147019204673
3672823.004981178,39.48165392406951
3715352.290972061,39.3818338619033
3758374.042884781,39.2820101004163
3801893.963205955,39.182182732705
3845917.820453884,39.08235184976165
3890451.449943158,38.98251754085526
3935500.754558131,38.88267989356912
3981071.705535334,38.78283899346022
4027170.343254956,38.68299492465317
4073802.778041497,38.58314776936004
4120975.190973677,38.48329760840387
4168693.834703733,38.38344452086277
4216965.034286207,38.2835885843666
4265795.188016315,38.18372987501051
4315190.768278046,38.08386846741632
4365158.322402058,37.98400443485305
4415704.473533529,37.88413784906621
4466835.92151004,37.78426878065928
4518559.443749637,37.68439729883588
4570881.896149169,37.58452347141989
4623810.213993027,37.48464736517447
4677351.412872411,37.38476904558154
4731512.58961524,37.28488857698601
4786300.923226824,37.18500602252323
4841723.67584144,37.08512144434079
4897788.193684913,36.98523490347894
4954501.908048359,36.88534645994739
5011872.336273185,36.78545617266062
5069907.082747512,36.68556409970464
5128613.839914123,36.58567029821593
5188000.389290091,36.485774824286
5248074.602498211,36.38587773319436
5308844.442310374,36.28597907948345
5370317.963703024,36.18607891671953
5432503.314924835,36.08617729768552
5495408.738576755,35.98627427447964
5559042.572704552,35.88636989839686
5623413.251904013,35.78646422007976
5688529.308438943,35.68655728943884
5754399.373372104,35.58664915565454
5821032.177709255,35.48673986736003
5888436.553556438,35.38682947267844
5956621.435290659,35.28691801895619
6025595.860744138,35.18700555306669
6095368.97240226,35.08709212135935
6165950.018615397,34.98717776963949
6237348.354824775,34.88726254328925
6309573.444802522,34.78734648716825
6382634.861906083,34.68742964570603
6456542.290347159,34.5875120629111
6531305.526475335,34.48759378246662
6606934.480076578,34.38767484762046
6683439.175686772,34.28775530130849
6760829.753920452,34.18783518618754
6839116.472814935,34.08791454442872
6918309.709190015,33.98799341812421
6998419.960023393,33.88807184910254
7079457.843842045,33.78814987879276
7161434.102129695,33.68822754856006
7244359.600750584,33.58830489953381
7328245.331389733,33.48838197267949
7413102.413009875,33.38845880885977
7498942.093325268,33.28853544870472
7585775.750292555,33.1886119328091
7673614.893618916,33.08868830173311
7762471.166287653,32.98876459586154
7852356.346101463,32.88884085564501
7943282.347243569,32.78891712141541
8035261.221856936,32.68899343360339
8128305.161641765,32.58906983266155
8222426.499471494,32.48914635900044
8317637.711027502,32.38922305316166
8413951.416452752,32.28929995574904
8511380.382024577,32.18937710752715
8609937.521846829,32.08945454936526
8709635.89956164,31.98953232222331
8810488.730080985,31.88961046728463
8912509.381338309,31.7896890259936
9015711.376060434,31.68976803989507
9120108.393559974,31.5898475508932
9225714.271548519,31.48992760101511
9332543.007970808,31.39000823276643
9440608.762860142,31.29008948874018
9549925.860215278,31.19017141196138
9660508.789899064,31.09025404584074
9772372.209559049,30.99033743418572
9885530.946570342,30.89042162105785
10000000.00000096,30.79050665106748
10115794.54259996,30.69059256922673
10232929.92280853,30.59067942109539
10351421.66679444,30.49076725254658
10471285.48051001,30.39085611008795
10592537.25177391,30.29094604083744
10715193.0523771,30.19103709228906
10839269.14021309,30.09112931273346
10964781.96143292,29.99122275090782
11091748.15262509,29.89131745636416
11220184.54302073,29.79141347913829
11350108.15672426,29.69151087000717
11481536.21496995,29.59160968065013
11614486.13840456,29.49170996325283
11748975.54939644,29.39181177084916
11885022.27437134,29.29191515741912
12022644.3461753,29.19202017755928
12161860.00646487,29.0921268869002
12302687.70812502,28.99223534188028
12445146.11771507,28.89234559980822
12589254.11794291,28.79245771905074
12735030.81016787,28.69257175891446
12882495.51693261,28.5926877796871
13031667.78452428,28.49280584274374
13182567.38556537,28.39292601047763
13335214.32163456,28.2930483464756
13489628.82591787,28.19317291543951
13645831.36589059,28.09329978318138
13803842.64603021,27.99342901675223
13963683.61056076,27.89356068451611
14125375.44622894,27.79369485597722
14288939.58511245,27.69383160214499
14454397.70746071,27.59397099523964
14621771.74456863,27.4941131089453
14791083.88168354,27.39425801831107
14962356.56094582,27.29440579992229
15135612.48436359,27.19455653182741
15310874.61682183,27.09471029367148
15488166.18912636,26.99486716664504
15667510.70108305,26.89502723358871
15848931.92461272,26.79519057907551
16032453.90690202,26.69535728926862
16218100.97359092,26.5955274522765
16405897.73199703,26.49570115789696
16595869.07437726,26.39587849777406
16788040.18122728,26.29605956556398
16982436.52461914,26.19624445673836
17179083.8715776,26.09643326893066
17378008.2874955,25.99662610174204
17579236.13958869,25.89682305682395
17782794.10039102,25.79702423816853
17988709.15128969,25.69722975184609
18197008.58610167,25.59743970617496
18407720.01469141,25.49765421190018
18620871.36663055,25.39787338206137
18836490.8948999,25.29809733220463
19054607.1796344,25.19832618038073
19275249.13191131,25.09856004717435
19498445.99758242,24.99879905572791
19724227.36115053,24.89904333202652
19952623.14969081,24.79929300471013
20183663.63681765,24.69954820524639
20417379.44669736,24.59980906795708
20653801.55810739,24.50007573026209
20892961.30854251,24.40034833243215
21134890.39836861,24.30062701800277
21379620.89502449,24.20091193355666
21627185.2372724,24.10120322896323
21877616.23949775,24.00150105746521
22130947.09605863,23.90180557560263
22387211.38568567,23.80211694357317
22646443.0759329,23.70243532499774
22908676.52768006,23.60276088720479
23173946.49968714,23.50309380122457
23442288.15320161,23.40343424198786
23713737.05661897,23.30378238821921
23988329.19019735,23.20413842279128
24266100.95082663,23.10450253256641
24547089.15685281,23.00487490860919
24831331.05295824,22.90525574634477
25118864.31509837,22.80564524555759
25409727.05549565,22.70604361049414
25703957.82769127,22.6064510500319
26001595.63165538,22.50686777768804
26302679.91895651,22.40729401186786
26607250.59799083,22.30772997583605
26915348.03927192,22.20817589801188
27227013.08078192,22.10863201171993
27542287.0333845,22.00909855572565
27861211.68630057,21.90957577427259
28183829.31264744,21.81006391683006
28510182.67504203,21.71056323876425
28840315.03126904,21.61107400104768
29174270.14001468,21.51159647057724
29512092.26666691,21.41213092034717
29853826.18918268,21.3126776293837
30199517.20402329,21.21323688317192
30549211.13215829,21.11380897347548
30902954.32513911,21.01439419876225
31260793.67124279,20.91499286412407
31622776.60168707,20.81560528172914
31988951.0969173,20.71623177056987
32359365.69296619,20.61687265695801
32734069.48788722,20.51752827459742
33113112.14826255,20.41819896452497
33496543.91578625,20.31888507571158
33884415.61392378,20.21958696479511
34276778.6546486,20.12030499663426
34673685.04525677,20.02103954409053
35075187.39526045,19.92179098858458
35481338.92336124,19.82255972006147
35892193.46450426,19.72334613722878
36307805.47701392,19.62415064778261
36728230.0498123,19.52497366850225
37153522.90972114,19.42581562561437
37583740.42884835,19.32667695488441
38018939.6320601,19.22755810188775
38459178.20453939,19.12845952213621
38904514.49943214,19.02938168133819
39355007.54558188,18.93032505567903
39810717.05535391,18.83129013196018
40271703.43255015,18.73227740786048
40738027.78041556,18.63328739226499
41209751.90973736,18.53432060532933
41686938.34703793,18.43537757876429
42169650.34286267,18.33645885629837
42657951.88016377,18.2375649936144
43151907.68278108,18.13869655882813
43651583.22402121,18.0398541327214
44157044.73533592,17.9410383088444
44668359.21510104,17.84224969403047
45185594.43749702,17.74348890856761
45708818.96149234,17.6447565864223
46238102.13993093,17.54605337559365
46773514.12872478,17.44737993839837
47315125.89615307,17.34873695177505
47863009.23226891,17.25012510763668
48417236.75841507,17.15154511302999
48977881.93684982,17.05299769061741
49545019.08048429,16.95448357892466
50118723.36273256,16.85600353266023
50699070.82747583,16.75755832311985
51286138.39914194,16.65914873828491
51880003.89290164,16.56077558369295
52480746.02498285,16.46243968213702
53088444.42310449,16.36414187440676
53703179.637031,16.26588301964063
54325033.14924912,16.16766399570351
54954087.38576832,16.0694856991852
55590425.7270463,15.97134904648799
56234132.51904092,15.87325497349619
56885293.08439023,15.77520443646032
57543993.73372185,15.6771984121446
58210321.77709337,15.57923789825012
58884365.5355652,15.48132391393509
59566214.35290743,15.38345750030159
60255958.60744224,15.28563972048971
60953689.72402346,15.18787166037768
61659500.18615484,15.09015442906756
62373483.54824863,14.99248915900817
63095734.44802611,14.89487700681216
63826348.61906174,14.79731915343689
64565422.90347251,14.69981680487709
65313055.26475427,14.60237119229156
66069344.80076672,14.5049835728924
66834391.75686867,14.40765523010099
67608297.53920548,14.31038747418479
68391164.72815032,14.21318164266715
69183097.09190112,14.11603910088409
69984199.60023491,14.01896124250699
70794578.43842144,13.92194948986355
71614341.02129795,13.82500529473158
72443596.00750685,13.72813013857838
73282453.31389834,13.63132553336171
74131024.13009977,13.53459302168611
74989420.93325371,13.43793417775984
75857757.5029266,13.34135060754371
76736148.93619022,13.24484394958279
77624711.6628776,13.14841587530958
78523563.46101572,13.05206808981122
79432823.47243679,12.95580233219619
80352612.21857047,12.85962037624754
81283051.61641878,12.76352403094555
82224264.99471608,12.66751514098356
83176377.11027618,12.57159558745691
84139514.1645287,12.47576728827013
85113803.82024695,12.38003219879373
86099375.21846949,12.28439231242166
87096358.9956176,12.18884966100774
88104887.30081105,12.09340631569535
89125093.81338431,11.99806438720741
90157113.76060556,11.90282602659894
91201083.93560097,11.8076934256667
92257142.71548644,11.71266881763705
93325430.07970935,11.6177544777371
94406087.62860271,11.52295272360044
95499258.60215409,11.42826591589581
96605087.89899196,11.33369645894232
97723722.09559181,11.23924680128983
98855309.46570475,11.14491943584755
100000000.000011,11.05071690114677
101157945.426001,10.95664178119724
102329299.2280867,10.86269670629983
103514216.6679458,10.76888435346964
104712854.8051015,10.67520744707785
105925372.5177406,10.58166875921718
107151930.5237725,10.48827111019221
108392691.4021323,10.39501736887839
109647819.6143306,10.30191045350627
110917481.5262524,10.20895333169514
112201845.4302088,10.11614902115137
113501081.5672441,10.02350058994613
114815362.149701,9.931011157033444
116144861.3840471,9.838683892404486
117489755.493966,9.746522017665631
118850222.743715,9.65452880619447
120226443.4617546,9.562707583538462
121618600.0646503,9.471061727727983
123026877.0812518,9.379594669391468
124451461.1771523,9.288309892185527
125892541.1794307,9.197210932891503
127350308.1016803,9.106301381551084
128824955.1693277,9.015584881608586
130316677.8452445,8.925065130203969
131825673.8556554,8.83474587805299
133352143.2163473,8.744630929647682
134896288.2591804,8.654724143102513
136458313.6589077,8.565029430247435
138038426.4603039,8.4755507564733
139636836.1056094,8.38629214076937
141253754.4622912,8.29725765548412
142889395.8511263,8.208451426064562
144543977.074609,8.11987763093938
146217717.4456882,8.031540501075158
147910838.8168373,7.943444319869031
149623565.6094601,7.855593422494034
151356124.8436378,7.767992195721028
153108746.1682202,7.680645077243026
154881661.8912655,7.593556555148117
156675107.0108325,7.506731167378956
158489319.2461292,7.420173501038063
160324539.0690222,7.333888191637407
162181009.7359113,7.247879922356226
164058977.3199724,7.162153423134276
165958690.7437748,7.076713469787449
167880401.812275,6.991564883001028
169824365.2461936,6.906712527372246
171790838.7157782,6.822161310203119
173780082.8749572,6.737916180200443
175792361.3958892,6.653982126500551
177827941.0039124,6.570364177085872
179887091.5128992,6.487067397503053
181970085.861019,6.404096889324933
184077200.1469164,6.321457788548841
186208713.6663079,6.239155264148668
188364908.9490014,6.157194516131924
190546071.7963464,6.07558077384934
192752491.3191155,5.994319294224635
194984459.9758267,5.913415359602623
197242273.6115078,5.832874275884239
199526231.4969107,5.752701370376811
201836636.3681791,5.672901989635277
204173794.4669762,5.593481496950531
206538015.5810765,5.51444527051349
208929613.0854278,5.435798700576556
211348903.9836888,5.357547186983667
213796208.9502476,5.279696136838525
216271852.3727267,5.202250961644577
218776162.3949803,5.125217074696311
221309470.9605891,5.048599888112868
223872113.8568596,4.972404810154259
226464430.7593319,4.896637242204301
229086765.2768036,4.821302575767715
231739464.9968744,4.746406189348273
234422881.5320191,4.671953445323742
237137370.5661927,4.597949686823979
239883291.9019766,4.524400234351142
242661009.5082694,4.45131038252043
245470891.5685312,4.378685396663696
248313310.5295856,4.306530509415599
251188643.1509869,4.234850917235408
254097270.5549597,4.163651776820314
257039578.276916,4.092938201635514
260015956.3165571,4.022715258351803
263026799.1895685,3.952987962956182
266072505.9799116,3.883761277437294
269153480.3927226,3.815040105814154
272270130.8078226,3.746829290509475
275422870.3338484,3.679133608681963
278612116.8630092,3.611957768498787
281838293.126478,3.545306405133345
285101826.7504239,3.479184077296889
288403150.312694,3.413595263350246
291742701.4001505,3.348544357371711
295120922.6666728,3.284035665870047
298538261.8918306,3.220073403475254
301995172.0402367,3.156661689643457
305492111.3215868,3.093804544699869
309029543.2513949,3.031505886263506
312607936.7124318,2.969769525593052
316227766.0168747,2.908599163934198
319889510.969177,2.847998388918868
323593656.9296659,2.787970671072701
327340694.8788763,2.728519360221477
331131121.4826297,2.669647682077866
334965439.1578668,2.611358734937056
338844156.1392421,2.553655486002468
342767786.5464904,2.496540768434036
346736850.4525722,2.440017277861404
350751873.9526091,2.384087569119929
354813389.233617,2.328754053445195
358921934.6450472,2.274018995037904
363078054.7701439,2.219884508009347
367282300.4981277,2.166352553752893
371535229.0972161,2.113424937499178
375837404.2884882,2.061103305969724
380189396.3206058,2.009389144222146
384591782.0453987,1.958283772846706
389045144.9943262,1.907788345474563
393550075.4558237,1.857903845684055
398107170.553544,1.808631084904156
402717034.3255064,1.759970699158683
407380277.8041606,1.71192314688022
412097519.0973787,1.664488706186504
416869383.4703845,1.617667472275513
421696503.4286319,1.571459354654264
426579518.8016429,1.525864074996507
431519076.8278161,1.480881164006943
436515832.2402174,1.436509959151954
441570447.3533646,1.39274960164106
446683592.1510158,1.349599033892745
451855944.3749757,1.307056996625449
457088189.614929,1.265122025953988
462381021.3993149,1.223792450269226
467735141.2872535,1.183066387106284
473151258.9615365,1.1429417400615
478630092.322695,1.103416195073698
484172367.5841567,1.064487216905669
489778819.3685042,1.026152045175131
495450190.804849,0.9884076905727723
501187233.6273317,0.9512509303940295
506990708.2747645,0.9146783037149279
512861383.9914258,0.878686106872409
518800038.9290227,0.843270387895474
524807460.249835,0.808426941179223
530884444.2310514,0.7741513011829351
537031796.3703166,0.7404387361571643
543250331.4924979,0.7072842412101349
549540873.8576901,0.6746825307654581
555904257.2704699,0.6426280306820715
562341325.1904162,0.6111148695105364
568852930.8439094,0.5801368693310457
575439937.3372257,0.549687535934735
582103217.770941,0.5197600478198046
588843655.3556594,0.4903472449630397
595662143.5290817,0.4614416162735233
602559586.0744299,0.4330352863647727
609536897.2402421,0.40512000121062
616595001.8615561,0.3776871127447929
623734835.482494,0.3507275623436303
630957344.480269,0.3242318629770251
638263486.1906253,0.2981900801011603
645654229.0347331,0.2725918111407014
653130552.6475508,0.2474261632177052
660693448.0076754,0.2226817296555562
668343917.5686949,0.1983465641089001
676082975.3920631,0.1744081534330577
683911647.2815117,0.1508533877961855
691830970.9190198,0.1276685292721902
699841996.0023578,0.1048391773424599
707945784.3842232,0.08235023246963417
716143410.2129884,0.06018585638640703
724435960.0750774,0.03832942964390011
732824533.1389925,0.01676350569824881
741310241.301007,-0.004530238279532349
749894209.3325465,-0.02557105440744263
758577575.0292755,-0.04637918164187728
767361489.3619118,-0.06697590711868749
776247116.6287857,-0.08738363276341203
785235634.6101669,-0.1076259471880959
794328234.7243778,-0.1277277027842437
803526122.1857147,-0.1477150994600341
812830516.1641979,-0.167615774720785
822242649.947171,-0.187458901260319
831763771.102772,-0.2072752918892946
841395141.6452973,-0.227097513601655
851138038.20248,-0.2469600101760389
860993752.1847054,-0.2668992352325676
870963589.9561867,-0.2869537956822015
881048873.0081214,-0.3071646071247041
891250938.1338542,-0.3275750616206459
901571137.6060668,-0.3482312088775935
912010839.356021,-0.3691819525329875
922571427.1548758,-0.3904792613820676
933254300.797105,-0.4121783981575431
944060876.2860386,-0.4343381656284852
954992586.0215526,-0.4570211722032994
966050878.9899313,-0.480294117869272
977237220.9559301,-0.5042281014575261
988553094.6570597,-0.5288989507574232
1000000000.000122,-0.5543875761390372
1011579454.260022,-0.5807803489783768
1023292992.280879,-0.6081695052196101
1035142166.679471,-0.6366535752596676
1047128548.051028,-0.6663378394110578
1059253725.177419,-0.6973348096981503
1071519305.237738,-0.7297647369188192
1083926914.021337,-0.7637561410553627
1096478196.14332,-0.7994463644338506
1109174815.262537,-0.8369821428763861
1122018454.302101,-0.8765201921306226
1135010815.672455,-0.9182278032406845
1148153621.497024,-0.9622834406517836
1161448613.840486,-1.008877333926477
1174897554.939674,-1.058212052977195
1188502227.437165,-1.110503053588557
1202264434.617561,-1.165979178642068
1216186000.646518,-1.224883097070878
1230268770.812534,-1.287471660825535
1244514611.771539,-1.354016156344978
1258925411.794323,-1.42480242551918
1273503081.016819,-1.500130827864622
1288249551.693293,-1.580316014511375
1303166778.452461,-1.665686482287538
1318256738.556571,-1.756583876083523
1333521432.163489,-1.853362008719197
1348962882.591821,-1.956385567732282
1364583136.589094,-2.066028484769561
1380384264.603056,-2.18267194601055
1396368361.056111,-2.306702031593953
1412537544.62293,-2.438506980710885
1428893958.511281,-2.578474091951169
1445439770.746107,-2.726986281138658
1462177174.4569,-2.884418336070805
1479108388.168391,-3.051132921865833
1496235656.09462,-3.227476409167943
1513561248.436397,-3.413774612245497
1531087461.682221,-3.610328536923765
1548816618.912675,-3.817410249287303
1566751070.108345,-4.035258982775648
1584893192.461312,-4.264077599633406
1603245390.690242,-4.504029519454147
1621810097.359133,-4.75523621462998
1640589773.199745,-5.01777535587237
1659586907.437768,-5.291679666812819
1678804018.122771,-5.576936521561033
1698243652.461957,-5.873488288747941
1717908387.157804,-6.181233396494399
1737800828.749593,-6.500028064022136
1757923613.958913,-6.829688620364823
1778279410.039146,-7.169994309535926
1798870915.129014,-7.520690466627689
1819700858.610212,-7.881491938869354
1840772001.469187,-8.252086623061595
1862087136.663102,-8.632138993662094
1883649089.490038,-9.021293500618139
1905460717.963487,-9.419177729892649
1927524913.191179,-9.825405231337733
1949844599.758291,-10.23957793379817
1972422736.115103,-10.6612880839905
2000000000,-11.17930464957486
