phase(getData("loopGain" ?result "stb")) X,phase(getData("loopGain" ?result "stb")) Y
1,179.9996257757218
1.011579454259899,179.9996214424089
1.023292992280754,179.9996170589185
1.035142166679344,179.9996126246698
1.0471285480509,179.9996081390749
1.059253725177289,179.9996036015392
1.071519305237607,179.9995990114614
1.083926914021204,179.9995943682329
1.096478196143186,179.9995896712385
1.109174815262402,179.9995849198553
1.122018454301964,179.9995801134538
1.135010815672316,179.9995752513967
1.148153621496884,179.9995703330397
1.161448613840344,179.9995653577308
1.174897554939531,179.9995603248105
1.18850222743702,179.9995552336117
1.202264434617414,179.9995500834597
1.216186000646369,179.9995448736717
1.230268770812383,179.9995396035572
1.244514611771387,179.9995342724177
1.258925411794169,179.9995288795464
1.273503081016663,179.9995234242287
1.288249551693136,179.9995179057413
1.303166778452301,179.9995123233529
1.318256738556409,179.9995066763235
1.333521432163326,179.9995009639046
1.348962882591656,179.9994951853389
1.364583136588927,179.9994893398606
1.380384264602887,179.9994834266949
1.39636836105594,179.999477445058
1.412537544622757,179.9994713941569
1.428893958511106,179.9994652731897
1.445439770745931,179.9994590813451
1.462177174456721,179.9994528178023
1.479108388168211,179.999446481731
1.496235656094437,179.9994400722915
1.513561248436212,179.9994335886343
1.531087461682034,179.9994270298998
1.548816618912485,179.9994203952187
1.566751070108153,179.9994136837117
1.584893192461118,179.999406894489
1.603245390690046,179.9994000266508
1.621810097358934,179.9993930792869
1.640589773199544,179.9993860514763
1.659586907437565,179.9993789422874
1.678804018122565,179.9993717507781
1.698243652461749,179.9993644759949
1.717908387157593,179.9993571169738
1.737800828749381,179.9993496727392
1.757923613958698,179.9993421423044
1.778279410038929,179.9993345246713
1.798870915128794,179.9993268188302
1.81970085860999,179.9993190237596
1.840772001468962,179.9993111384264
1.862087136662874,179.9993031617853
1.883649089489807,179.9992950927791
1.905460717963254,179.9992869303381
1.927524913190943,179.9992786733806
1.949844599758053,179.999270320812
1.972422736114861,179.9992618715252
1.995262314968888,179.9992533244003
2.018366363681569,179.9992446783044
2.041737944669538,179.9992359320914
2.065380155810538,179.999227084602
2.089296130854049,179.9992181346635
2.113489039836656,179.9992090810896
2.137962089502242,179.9991999226802
2.16271852372703,179.9991906582215
2.187761623949563,179.9991812864854
2.213094709605648,179.9991718062297
2.238721138568351,179.9991622161978
2.264644307593071,179.9991525151186
2.290867652767784,179.9991427017062
2.31739464996849,179.9991327746598
2.344228815319934,179.9991227326636
2.371373705661667,179.9991125743867
2.398832919019502,179.9991022984823
2.426610095082428,179.9990919035887
2.454708915685043,179.9990813883278
2.483133105295583,179.999070751306
2.511886431509593,179.9990599911133
2.540972705549319,179.9990491063233
2.570395782768878,179.9990380954935
2.600159563165286,179.9990269571643
2.630267991895396,179.9990156898592
2.660725059798824,179.999004292085
2.691534803926931,179.9989927623307
2.722701308077928,179.9989810990682
2.754228703338182,179.9989693007515
2.786121168629787,179.9989573658167
2.818382931264471,179.9989452926819
2.851018267503926,179.9989330797467
2.884031503126623,179.9989207253925
2.917427014001185,179.9989082279815
2.951209226666404,179.9988955858574
2.985382618917978,179.9988827973443
3.019951720402035,179.9988698607472
3.054921113215533,179.9988567743515
3.09029543251361,179.9988435364224
3.126079367123975,179.9988301452053
3.1622776601684,179.9988165989252
3.198895109691419,179.9988028957866
3.235936569296304,179.9987890339731
3.273406948788404,179.9987750116474
3.311311214825934,179.9987608269508
3.3496543915783,179.9987464780032
3.38844156139205,179.9987319629026
3.427677865464528,179.998717279725
3.467368504525342,179.9987024265242
3.507518739525706,179.9986874013315
3.548133892335781,179.9986722021553
3.589219346450079,179.9986568269809
3.630780547701041,179.9986412737704
3.672823004980875,179.9986255404621
3.715352290971754,179.9986096249708
3.758374042884471,179.9985935251867
3.801893963205642,179.998577238976
3.845917820453566,179.9985607641798
3.890451449942837,179.9985440986144
3.935500754557806,179.998527240071
3.981071705535005,179.9985101863147
4.027170343254624,179.9984929350853
4.073802778041161,179.9984754840961
4.120975190973336,179.9984578310339
4.168693834703389,179.9984399735589
4.216965034285859,179.9984219093041
4.265795188015963,179.9984036358751
4.31519076827769,179.9983851508497
4.365158322401698,179.9983664517778
4.415704473533165,179.9983475361809
4.466835921509672,179.9983284015518
4.518559443749265,179.998309045354
4.570881896148792,179.998289465022
4.623810213992646,179.9982696579605
4.677351412872025,179.998249621544
4.731512589614849,179.9982293531168
4.786300923226428,179.9982088499922
4.841723675841039,179.9981881094526
4.897788193684509,179.9981671287489
4.95450190804795,179.9981459051001
5.011872336272772,179.998124435693
5.069907082747093,179.9981027176819
5.128613839913699,179.9980807481881
5.188000389289662,179.9980585242996
5.248074602497778,179.9980360430705
5.308844442309936,179.9980133015211
5.370317963702581,179.9979902966369
5.432503314924387,179.9979670253688
5.495408738576301,179.9979434846321
5.559042572704092,179.9979196713064
5.623413251903548,179.9978955822355
5.688529308438473,179.9978712142263
5.754399373371629,179.9978465640488
5.821032177708775,179.9978216284357
5.888436553555951,179.9977964040819
5.956621435290167,179.9977708876438
6.025595860743641,179.9977450757392
6.095368972401756,179.9977189649469
6.165950018614887,179.9976925518059
6.237348354824259,179.9976658328151
6.309573444802,179.997638804433
6.382634861905555,179.9976114630769
6.456542290346625,179.9975838051229
6.531305526474794,179.9975558269049
6.606934480076032,179.9975275247144
6.683439175686219,179.9974988947999
6.760829753919892,179.9974699333667
6.839116472814369,179.9974406365759
6.918309709189442,179.9974110005442
6.998419960022813,179.9973810213435
7.079457843841459,179.997350695
7.161434102129101,179.9973200174939
7.244359600749983,179.9972889847591
7.328245331389125,179.9972575926822
7.413102413009261,179.9972258371021
7.498942093324645,179.9971937138098
7.585775750291926,179.9971612185473
7.67361489361828,179.9971283470074
7.762471166287009,179.9970950948329
7.852356346100811,179.9970614576165
7.943282347242909,179.9970274308994
8.035261221856269,179.9969930101716
8.128305161641091,179.9969581908704
8.222426499470812,179.9969229683808
8.317637711026812,179.996887338034
8.413951416452054,179.9968512951072
8.511380382023869,179.996814834823
8.609937521846113,179.9967779523486
8.709635899560915,179.9967406427953
8.810488730080252,179.9967029012177
8.912509381337568,179.9966647226132
9.015711376059683,179.9966261019214
9.120108393559214,179.996587034023
9.22571427154775,179.9965475137397
9.332543007970031,179.996507535833
9.440608762859357,179.996467095004
9.549925860214485,179.9964261858923
9.660508789898261,179.9963848030755
9.772372209558236,179.9963429410681
9.885530946569521,179.9963005943217
10.00000000000014,179.9962577572229
10.11579454259912,179.996214424094
10.23292992280768,179.9961705891911
10.35142166679358,179.9961262467039
10.47128548050914,179.9960813907549
10.59253725177304,179.9960360153985
10.71519305237621,179.9959901146203
10.83926914021219,179.9959436823361
10.96478196143201,179.9958967123915
11.09174815262417,179.9958491985604
11.2201845430198,179.9958011345452
11.35010815672332,179.9957525139749
11.481536214969,179.995703330405
11.6144861384036,179.9956535773161
11.74897554939547,179.9956032481136
11.88502227437036,179.9955523361265
12.02264434617431,179.9955008346063
12.16186000646386,179.9954487367266
12.302687708124,179.995396035582
12.44514611771404,179.9953427241868
12.58925411794186,179.9952887954747
12.73503081016681,179.9952342422977
12.88249551693154,179.9951790574246
13.03166778452319,179.9951232335409
13.18256738556427,179.995066763247
13.33521432163345,179.9950096390579
13.48962882591675,179.994951853402
13.64583136588946,179.9948933986197
13.80384264602906,179.9948342669629
13.9636836105596,179.9947744505938
14.12537544622777,179.9947139415838
14.28893958511125,179.9946527319125
14.4543977074595,179.9945908134666
14.62177174456741,179.9945281780389
14.79108388168231,179.9944648173272
14.96235656094458,179.9944007229331
15.13561248436233,179.9943358863608
15.31087461682055,179.9942702990164
15.48816618912507,179.9942039522064
15.66751070108175,179.9941368371366
15.8489319246114,179.9940689449108
16.03245390690068,179.9940002665302
16.21810097358957,179.9939307928915
16.40589773199567,179.9938605147859
16.59586907437589,179.9937894228982
16.78804018122589,179.9937175078053
16.98243652461773,179.9936447599749
17.17908387157618,179.9935711697644
17.37800828749405,179.9934967274193
17.57923613958723,179.9934214230726
17.78279410038954,179.9933452467426
17.98870915128819,179.9932681883324
18.19700858610015,179.9931902376278
18.40772001468988,179.9931113842967
18.620871366629,179.993031617887
18.83649089489834,179.9929509278259
19.05460717963281,179.9928693034179
19.2752491319097,179.9927867338438
19.4984459975808,179.9927032081592
19.72422736114889,179.9926187152928
19.95262314968916,179.9925332440451
20.18366363681598,179.9924467830871
20.41737944669567,179.9923593209583
20.65380155810567,179.9922708460659
20.89296130854078,179.9921813466826
21.13489039836686,179.9920908109453
21.37962089502272,179.9919992268536
21.62718523727061,179.9919065822681
21.87761623949594,179.9918128649089
22.13094709605679,179.991718062354
22.38721138568382,179.9916221620371
22.64644307593103,179.9915251512471
22.90867652767817,179.991427017125
23.17394649968523,179.9913277466634
23.44228815319967,179.9912273267041
23.71373705661701,179.9911257439366
23.98832919019537,179.9910229848961
24.26610095082463,179.990919035962
24.54708915685078,179.9908138833561
24.83133105295619,179.9907075131405
25.11886431509629,179.9905999112159
25.40972705549355,179.9904910633197
25.70395782768914,179.9903809550244
26.00159563165323,179.9902695717352
26.30267991895434,179.9901568986884
26.60725059798863,179.9900429209493
26.9153480392697,179.9899276234102
27.22701308077967,179.9898109907887
27.54228703338222,179.9896930076251
27.86121168629827,179.9895736582809
28.18382931264512,179.9894529269366
28.51018267503968,179.9893307975893
28.84031503126666,179.9892072540509
29.17427014001227,179.9890822799459
29.51209226666447,179.988955858709
29.85382618918022,179.9888279735833
30.19951720402079,179.9886986076177
30.54921113215577,179.988567743665
30.90295432513656,179.9884353643793
31.26079367124021,179.9883014522138
31.62277660168446,179.9881659894186
31.98895109691466,179.9880289580384
32.35936569296351,179.9878903399096
32.73406948788452,179.9877501166588
33.11311214825982,179.9876082696993
33.49654391578348,179.9874647802297
33.88441561392099,179.9873196292304
34.27677865464577,179.9871727974619
34.67368504525391,179.9870242654619
35.07518739525756,179.9868740135426
35.48133892335832,179.9867220217882
35.8921934645013,179.9865682700524
36.30780547701093,179.9864127379557
36.72823004980928,179.9862554048823
37.15352290971808,179.986096249978
37.58374042884525,179.985935252147
38.01893963205697,179.9857723900492
38.45917820453622,179.9856076420975
38.90451449942894,179.9854409864546
39.35500754557864,179.9852724010306
39.81071705535063,179.9851018634796
40.27170343254683,179.9849293511971
40.7380277804122,179.9847548413168
41.20975190973397,179.9845783107077
41.6869383470345,179.9843997359707
42.1696503428592,179.984219093436
42.65795188016025,179.9840363591597
43.15190768277753,179.9838515089205
43.65158322401761,179.9836645182167
44.15704473533228,179.983475362263
44.66835921509736,179.983284015987
45.1855944374933,179.9830904540259
45.70881896148858,179.9828946507232
46.23810213992712,179.9826965801257
46.77351412872093,179.9824962159791
47.31512589614917,179.9822935317255
47.86300923226497,179.9820885004993
48.41723675841109,179.9818810951238
48.97788193684579,179.9816712881079
49.54501908048021,179.9814590516416
50.11872336272843,179.9812443575934
50.69907082747166,179.9810271775058
51.28613839913773,179.9808074825919
51.88000389289737,179.9805852437314
52.48074602497854,179.9803604314667
53.08844442310013,179.9801330159993
53.70317963702659,179.9799029671856
54.32503314924465,179.9796702545327
54.95408738576381,179.9794348471951
55.59042572704173,179.9791967139696
56.23413251903629,179.9789558232922
56.88529308438555,179.9787121432328
57.54399373371712,179.9784656414922
58.21032177708859,179.9782162853967
58.88436553556037,179.9779640418946
59.56621435290254,179.9777088775512
60.25595860743729,179.977450758545
60.95368972401845,179.9771896506624
61.65950018614978,179.976925519294
62.37348354824351,179.9766583294295
63.09573444802093,179.9763880456532
63.8263486190565,179.9761146321393
64.56542290346721,179.9758380526473
65.31305526474891,179.9755582705169
66.0693448007613,179.9752752486632
66.83439175686318,179.9749889495722
67.60829753919992,179.9746993352953
68.3911647281447,179.9744063674443
69.18309709189545,179.9741100071869
69.98419960022918,179.9738102152409
70.79457843841564,179.9735069518692
71.61434102129208,179.9732001768746
72.44359600750091,179.9728898495946
73.28245331389235,179.9725759288957
74.13102413009372,179.9722583731681
74.98942093324759,179.9719371403202
75.85775750292041,179.971612187773
76.73614893618395,179.9712834724545
77.62471166287126,179.970950950794
78.5235634610093,179.9706145787161
79.4328234724303,179.9702743116351
80.35261221856391,179.9699301044492
81.28305161641214,179.9695819115341
82.22426499470936,179.9692296867375
83.17637711026937,179.9688733833722
84.13951416452181,179.9685129542108
85.11380382023998,179.968148351479
86.09937521846243,179.9677795268492
87.09635899561046,179.9674064314342
88.10488730080384,179.9670290157807
89.12509381337702,179.9666472298628
90.15711376059819,179.9662610230753
91.20108393559352,179.9658703442271
92.25714271547889,179.9654751415343
93.32543007970172,179.9650753626134
94.40608762859499,179.9646709544742
95.49925860214628,179.964261863513
96.60508789898407,179.9638480355054
97.72372209558384,179.9634294155992
98.85530946569669,179.9630059483069
100.0000000000028,179.9625775774986
101.1579454259927,179.9621442463944
102.3292992280783,179.9617058975569
103.5142166679373,179.9612624728836
104.712854805093,179.9608139135993
105.9253725177319,179.9603601602482
107.1519305237637,179.959901152686
108.3926914021235,179.9594368300719
109.6478196143217,179.9589671308609
110.9174815262433,179.9584919927948
112.2018454301996,179.9580113528951
113.5010815672348,179.9575251474537
114.8153621496916,179.9570333120248
116.1448613840377,179.9565357814165
117.4897554939564,179.9560324896819
118.8502227437053,179.9555233701107
120.2264434617448,179.9550083552198
121.6186000646404,179.9544873767449
123.0268770812418,179.9539603656313
124.4514611771422,179.9534272520245
125.8925411794204,179.9528879652613
127.3503081016699,179.9523424338603
128.8249551693172,179.951790585512
130.3166778452338,179.9512323470701
131.8256738556446,179.9506676445413
133.3521432163364,179.950096403075
134.8962882591694,179.9495185469544
136.4583136588965,179.9489339995858
138.0384264602926,179.9483426834884
139.636836105598,179.9477445202845
141.2537544622797,179.9471394306888
142.8893958511146,179.9465273344978
144.5439770745971,179.9459081505794
146.2177174456763,179.9452817968618
147.9108388168252,179.9446481903236
149.6235656094479,179.944007246981
151.3561248436255,179.9433588818786
153.1087461682077,179.942703009077
154.8816618912529,179.9420395416415
156.6751070108197,179.941368391631
158.4893192461163,179.940689470086
160.3245390690091,179.9400026870171
162.181009735898,179.9393079513924
164.058977319959,179.9386051711266
165.9586907437613,179.9378942530678
167.8804018122613,179.9371751029851
169.8243652461798,179.9364476255572
171.7908387157642,179.9357117243584
173.780082874943,179.934967301847
175.7923613958748,179.9342142593515
177.8279410038979,179.9334524970581
179.8870915128845,179.9326819139969
181.9700858610041,179.9319024080292
184.0772001469014,179.9311138758335
186.2087136662927,179.9303162128918
188.3649089489861,179.9295093134761
190.5460717963308,179.9286930706339
192.7524913190998,179.9278673761746
194.9844599758108,179.9270321206545
197.2422736114917,179.9261871933628
199.5262314968944,179.925332482307
201.8366363681626,179.9244678741973
204.1737944669595,179.9235932544327
206.5380155810597,179.9227085070846
208.9296130854108,179.9218135148827
211.3489039836716,179.9209081591984
213.7962089502302,179.9199923200295
216.2718523727091,179.9190658759845
218.7761623949624,179.918128704266
221.309470960571,179.917180680655
223.8721138568413,179.9162216794942
226.4644307593134,179.9152515736711
229.0867652767849,179.9142702346015
231.7394649968555,179.9132775322122
234.422881532,179.9122733349239
237.1373705661734,179.9112575096339
239.8832919019571,179.9102299216983
242.6610095082497,179.9091904349139
245.4708915685113,179.9081389115005
248.3133105295654,179.9070752120831
251.1886431509665,179.905999195672
254.0972705549391,179.9049107196455
257.0395782768951,179.9038096397307
260.015956316536,179.9026958099834
263.0267991895471,179.9015690827705
266.07250597989,179.9004293087489
269.1534803927008,179.8992763368463
272.2701308078006,179.8981100142412
275.4228703338261,179.896930186343
278.6121168629866,179.8957366967704
281.8382931264551,179.8945293873321
285.1018267504008,179.8933080980046
288.4031503126706,179.8920726669118
291.7427014001268,179.8908229303034
295.1209226666488,179.8895587225328
298.5382618918064,179.8882798760356
301.9951720402122,179.8869862213072
305.492111321562,179.8856775868801
309.0295432513699,179.8843537993021
312.6079367124065,179.8830146831121
316.2277660168491,179.8816600608175
319.8895109691511,179.8802897528704
323.5936569296397,179.8789035776447
327.3406948788498,179.8775013514105
331.1311214826029,179.8760828883112
334.9654391578396,179.8746480003379
338.8441561392146,179.873196497305
342.7677865464626,179.8717281868246
346.736850452544,179.8702428742818
350.7518739525806,179.8687403628077
354.8133892335882,179.8672204532546
358.9219346450182,179.8656829441684
363.0780547701145,179.8641276317629
367.282300498098,179.8625543098925
371.5352290971861,179.8609627700243
375.8374042884579,179.8593528012111
380.1893963205751,179.8577241900641
384.5917820453677,179.8560767207227
389.0451449942949,179.8544101748275
393.550075455792,179.8527243314911
398.1071705535119,179.8510189672684
402.7170343254739,179.8492938561274
407.3802778041278,179.8475487694189
412.0975190973455,179.8457834758464
416.8693834703508,179.8439977414359
421.6965034285979,179.8421913295037
426.5795188016085,179.8403640006265
431.5190768277813,179.8385155126088
436.5158322401822,179.8366456204506
441.570447353329,179.8347540763159
446.6835921509798,179.832840629499
451.8559443749393,179.8309050263916
457.0881896148922,179.8289470104494
462.3810213992777,179.8269663221577
467.7351412872158,179.8249626989973
473.1512589614983,179.8229358754101
478.6300923226564,179.8208855827628
484.1723675841176,179.8188115493123
489.7788193684647,179.8167135001697
495.450190804809,179.8145911572632
501.1872336272913,179.8124442393019
506.9907082747236,179.8102724617382
512.8613839913844,179.8080755367304
518.8000389289809,179.8058531731043
524.8074602497927,179.803605076315
530.8844442310087,179.8013309484067
537.0317963702734,179.7990304879758
543.2503314924542,179.7967033901278
549.5408738576458,179.7943493464392
555.9042572704251,179.7919680449159
562.3413251903709,179.7895591699521
568.8529308438635,179.7871224022881
575.4399373371793,179.784657418968
582.1032177708942,179.7821638932975
588.843655355612,179.7796414948005
595.6621435290338,179.7770898891744
602.5595860743814,179.7745087382479
609.5368972401932,179.7718976999336
616.5950018615065,179.7692564281847
623.7348354824439,179.7665845729487
630.9573444802182,179.76388178012
638.263486190574,179.7611476914951
645.6542290346812,179.758381944723
653.1305526474983,179.7555841732585
660.6934480076224,179.7527540063134
668.3439175686412,179.7498910688077
676.0829753920087,179.7469949813191
683.9116472814567,179.7440653600337
691.8309709189642,179.7411018166943
699.8419960023016,179.7381039585506
707.9457843841664,179.7350713883047
716.1434102129308,179.7320037040608
724.4359600750192,179.7289004992718
732.8245331389337,179.7257613626828
741.3102413009475,179.7225858782813
749.8942093324862,179.7193736252377
758.5775750292145,179.7161241778525
767.3614893618501,179.712837105498
776.2471166287233,179.7095119725635
785.2356346101038,179.7061483383955
794.3282347243139,179.702745757241
803.5261221856501,179.6993037781876
812.8305161641325,179.6958219451038
822.2426499471048,179.6922997965795
831.7637711027052,179.6887368658642
841.3951416452297,179.6851326808057
851.1380382024115,179.6814867637868
860.9937521846362,179.677798631664
870.9635899561166,179.6740677957012
881.0488730080506,179.6702937615071
891.2509381337825,179.666476028968
901.5711376059943,179.6626140921839
912.0108393559476,179.6587074393993
922.5714271548015,179.6547555529371
933.2543007970299,179.6507579091294
944.0608762859628,179.6467139782484
954.9925860214759,179.6426232244372
966.0508789898538,179.6384851056372
977.2372209558516,179.634299073518
988.5530946569803,179.6300645734052
1000.000000000042,179.6257810442044
1011.579454259941,179.6214479183305
1023.292992280797,179.6170646216303
1035.142166679388,179.6126305733091
1047.128548050944,179.6081451858497
1059.253725177334,179.6036078649396
1071.519305237652,179.5990180093891
1083.92691402125,179.5943750110543
1096.478196143232,179.5896782547538
1109.174815262448,179.5849271181912
1122.018454302011,179.5801209718693
1135.010815672363,179.5752591790094
1148.153621496932,179.5703410954663
1161.448613840392,179.5653660696433
1174.89755493958,179.5603334424067
1188.502227437069,179.5552425469967
1202.264434617464,179.5500927089437
1216.18600064642,179.544883245975
1230.268770812434,179.539613467926
1244.514611771438,179.5342826766502
1258.925411794221,179.5288901659263
1273.503081016716,179.5234352213653
1288.249551693189,179.5179171203161
1303.166778452356,179.5123351317697
1318.256738556464,179.5066885162628
1333.521432163382,179.5009765257835
1348.962882591712,179.4951984036661
1364.583136588984,179.489353384498
1380.384264602945,179.4834406940146
1396.368361055999,179.4774595489984
1412.537544622816,179.4714091571796
1428.893958511165,179.4652887171225
1445.439770745991,179.4590974181285
1462.177174456782,179.4528344401273
1479.108388168273,179.4464989535664
1496.235656094499,179.4400901193032
1513.561248436275,179.4336070884966
1531.087461682098,179.4270490024906
1548.81661891255,179.420414992707
1566.751070108219,179.4137041805269
1584.893192461184,179.4069156771747
1603.245390690113,179.4000485836046
1621.810097359002,179.3931019903814
1640.589773199612,179.3860749775582
1659.586907437635,179.3789666145569
1678.804018122635,179.3717759600499
1698.24365246182,179.3645020618273
1717.908387157665,179.3571439566816
1737.800828749454,179.3497006702744
1757.923613958772,179.3421712170119
1778.279410039003,179.3345545999139
1798.870915128869,179.3268498104824
1819.700858610066,179.319055828572
1840.772001469039,179.3111716222527
1862.087136662952,179.3031961476747
1883.649089489886,179.2951283489379
1905.460717963334,179.2869671579407
1927.524913191024,179.2787114942526
1949.844599758134,179.2703602649669
1972.422736114944,179.2619123645556
1995.262314968971,179.253366674729
2018.366363681653,179.2447220642863
2041.737944669623,179.2359773889705
2065.380155810624,179.227131491312
2089.296130854135,179.2181832004852
2113.489039836744,179.2091313321493
2137.96208950233,179.1999746882996
2162.71852372712,179.1907120571021
2187.761623949653,179.1813422127431
2213.09470960574,179.171863915266
2238.721138568443,179.1622759104074
2264.644307593165,179.1525769294378
2290.867652767879,179.1427656889904
2317.394649968586,179.1328408908992
2344.228815320031,179.1228012220256
2371.373705661766,179.1126453540903
2398.832919019602,179.1023719434976
2426.610095082529,179.0919796311599
2454.708915685145,179.0814670423242
2483.133105295687,179.070832786391
2511.886431509698,179.0600754567334
2540.972705549425,179.0491936305104
2570.395782768985,179.0381858684944
2600.159563165395,179.0270507148655
2630.267991895506,179.0157866970393
2660.725059798935,179.0043923254653
2691.534803927043,178.9928660934388
2722.701308078041,178.9812064769035
2754.228703338297,178.9694119342527
2786.121168629903,178.9574809061347
2818.382931264588,178.9454118152426
2851.018267504045,178.933203066119
2884.031503126743,178.9208530449417
2917.427014001306,178.9083601193225
2951.209226666527,178.8957226380914
2985.382618918103,178.8829389310817
3019.951720402161,178.870007308922
3054.92111321566,178.8569260628107
3090.295432513739,178.8436934642999
3126.079367124106,178.8303077650758
3162.277660168532,178.8167671967157
3198.895109691553,178.8030699704905
3235.93656929644,178.7892142771113
3273.406948788541,178.7751982865051
3311.311214826072,178.761020147581
3349.65439157844,178.7466779879876
3388.441561392191,178.7321699138822
3427.677865464671,178.7174940096777
3467.368504525486,178.7026483378042
3507.518739525852,178.6876309384635
3548.133892335929,178.6724398293674
3589.219346450228,178.6570730055008
3630.780547701192,178.6415284388509
3672.823004981028,178.6258040781603
3715.352290971909,178.60989784866
3758.374042884627,178.5938076518067
3801.8939632058,178.5775313650206
3845.917820453726,178.5610668414037
3890.451449942999,178.5444119094846
3935.50075455797,178.5275643729326
3981.071705535171,178.5105220102801
4027.170343254792,178.4932825746529
4073.80277804133,178.4758437934651
4120.975190973508,178.4582033681616
4168.693834703562,178.4403589738977
4216.965034286033,178.4223082592747
4265.79518801614,178.4040488460262
4315.190768277868,178.3855783287266
4365.158322401879,178.3668942744914
4415.704473533347,178.3479942226747
4466.835921509855,178.328875684546
4518.559443749451,178.3095361430031
4570.881896148981,178.2899730522449
4623.810213992836,178.2701838374563
4677.351412872218,178.2501658944913
4731.512589615044,178.2299165895455
4786.300923226626,178.2094332588384
4841.723675841239,178.1887132082781
4897.788193684711,178.1677537131286
4954.501908048154,178.1465520176786
5011.872336272978,178.125105334907
5069.907082747302,178.1034108461149
5128.613839913911,178.0814657006129
5188.000389289877,178.0592670153655
5248.074602497995,178.0368118746281
5308.844442310156,178.0140973295999
5370.317963702803,177.9911203980594
5432.503314924612,177.9678780640107
5495.408738576529,177.9443672773174
5559.042572704323,177.920584953332
5623.413251903782,177.896527972525
5688.529308438709,177.8721931801064
5754.399373371868,177.8475773856608
5821.032177709017,177.8226773627528
5888.436553556196,177.7974898485447
5956.621435290415,177.7720115434132
6025.595860743892,177.7462391105557
6095.368972402011,177.7201691755971
6165.950018615144,177.693798326189
6237.348354824519,177.6671231116087
6309.573444802264,177.6401400423604
6382.634861905823,177.6128455897689
6456.542290346895,177.5852361855378
6531.305526475068,177.5573082213828
6606.934480076309,177.5290580485843
6683.4391756865,177.5004819775804
6760.829753920176,177.4715762775258
6839.116472814656,177.4423371758782
6918.309709189733,177.412760857967
6998.419960023108,177.3828434665535
7079.457843841757,177.3525811014031
7161.434102129402,177.3219698188264
7244.359600750287,177.2910056312629
7328.245331389433,177.2596845068187
7413.102413009572,177.2280023688097
7498.94209332496,177.1959550953488
7585.775750292245,177.1635385188116
7673.614893618602,177.1307484254749
7762.471166287335,177.0975805549915
7852.356346101141,177.0640305999452
7943.282347243244,177.0300942053915
8035.261221856606,176.9957669683702
8128.305161641432,176.9610444374576
8222.426499471158,176.9259221122771
8317.637711027162,176.8903954430161
8413.95141645241,176.8544598299681
8511.38038202423,176.8181106230431
8609.937521846477,176.7813431212568
8709.635899561283,176.7441525722899
8810.488730080624,176.7065341719828
8912.509381337944,176.6684830638339
9015.711376060064,176.6299943385081
9120.1083935596,176.591063033376
9225.71427154814,176.5516841319719
9332.543007970426,176.5118525635308
9440.608762859756,176.471563202492
9549.925860214889,176.4308108679466
9660.508789898671,176.3895903232203
9772.372209558651,176.3478962753169
9885.530946569939,176.3057233744346
10000.00000000056,176.2630662134442
10115.79454259955,176.2199193274144
10232.92992280811,176.1762771930989
10351.42166679402,176.1321342283858
10471.28548050958,176.0874847918878
10592.53725177348,176.0423231823596
10715.19305237667,175.9966436382201
10839.26914021264,175.9504403370689
10964.78196143247,175.9037073951615
11091.74815262464,175.8564388668819
11220.18454302027,175.8086287443057
11350.10815672379,175.7602709566831
11481.53621496948,175.7113593699079
11614.48613840408,175.6618877860565
11748.97554939596,175.6118499428921
11885.02227437086,175.5612395133684
12022.64434617481,175.5100501051608
12161.86000646437,175.458275260155
12302.68770812451,175.4059084540255
12445.14611771456,175.3529430956226
12589.25411794239,175.2993725266985
12735.03081016734,175.2451900213157
12882.49551693208,175.1903887854311
13031.66778452374,175.1349619563779
13182.56738556483,175.0789026025014
13335.21432163401,175.0222037226835
13489.62882591731,174.9648582459121
13645.83136589003,174.906859030793
13803.84264602965,174.8481988652327
13963.68361056018,174.7888704659617
14125.37544622836,174.7288664781731
14288.93958511186,174.6681794750275
14454.39770746011,174.606801957406
14621.77174456803,174.5447263534843
14791.08388168293,174.4819450182875
14962.3565609452,174.4184502334805
15135.61248436296,174.3542342069505
15310.87461682119,174.2892890724441
15488.16618912572,174.2236068893692
15667.5107010824,174.1571796424003
15848.93192461206,174.0899992412257
16032.45390690135,174.0220575203094
16218.10097359025,173.9533462386312
16405.89773199635,173.8838570793371
16595.86907437658,173.8135816497639
16788.04018122658,173.7425114810137
16982.43652461844,173.6706380279357
17179.08387157689,173.5979526689063
17378.00828749477,173.5244467056763
17579.23613958796,173.4501113633738
17782.79410039027,173.3749377901653
17988.70915128893,173.2989170575621
18197.0085861009,173.2220401600549
18407.72001469064,173.144298015349
18620.87136662977,173.0656814641825
18836.49089489911,172.9861812705718
19054.6071796336,172.9057881217117
19275.2491319105,172.8244926282717
19498.44599758161,172.742285324346
19724.2273611497,172.6591566678302
19952.62314968998,172.5750970404823
20183.66363681681,172.4900967482361
20417.3794466965,172.4041460215585
20653.80155810652,172.3172350156391
20892.96130854163,172.2293538109468
21134.89039836772,172.1404924134521
21379.62089502359,172.0506407552101
21627.18523727149,171.9597886949107
21877.61623949683,171.867926018269
22130.94709605769,171.7750424387711
22387.21138568473,171.6811275983378
22646.44307593195,171.586171067921
22908.6765276791,171.490162348352
23173.94649968617,171.3930908712433
23442.28815320062,171.2949459995758
23713.73705661797,171.1957170290702
23988.32919019635,171.0953931888297
24266.10095082561,170.9939636425676
24547.08915685178,170.8914174897853
24831.3310529572,170.7877437668429
25118.86431509731,170.6829314483125
25409.72705549458,170.5769694484796
25703.95782769019,170.4698466223876
26001.59563165429,170.361551767786
26302.67991895541,170.2520736264503
26607.25059798971,170.1414008858158
26915.34803927079,170.0295221809532
27227.01308078078,169.916426096251
27542.28703338334,169.8021011673909
27861.2116862994,169.6865358833766
28183.82931264625,169.569718688644
28510.18267504083,169.4516379853071
28840.31503126782,169.3322821355088
29174.27014001345,169.2116394636843
29512.09226666566,169.0896982593311
29853.82618918143,168.9664467795061
30199.51720402201,168.8418732516331
30549.21113215701,168.7159658763563
30902.95432513781,168.5887128304059
31260.79367124147,168.4601022700353
31622.77660168574,168.3301223338403
31988.95109691595,168.1987611464799
32359.36569296482,168.066006821962
32734.06948788584,167.9318474672464
33113.11214826116,167.7962711862554
33496.54391578484,167.6592660832586
33884.41561392236,167.52082026761
34276.77865464716,167.3809218573004
34673.68504525532,167.2395589835722
35075.18739525898,167.0967197955039
35481.33892335976,166.9523924644072
35892.19346450276,166.8065651886673
36307.8054770124,166.6592261988099
36728.23004981076,166.5103637624815
37153.52290971958,166.3599661898209
37583.74042884677,166.2080218387338
38018.9396320585,166.0545191208674
38459.17820453777,165.8994465067842
38904.5144994305,165.7427925325408
39355.00754558022,165.5845458053434
39810.71705535223,165.4246950101466
40271.70343254845,165.2632289160397
40738.02778041385,165.1001363829159
41209.75190973563,164.9354063681454
41686.93834703618,164.7690279342552
42169.6503428609,164.6009902551076
42657.95188016197,164.4312826241661
43151.90768277926,164.2598944619269
43651.58322401937,164.0868153234325
44157.04473533406,163.9120349065155
44668.35921509915,163.7355430598299
45185.59443749511,163.5573297913381
45708.81896149042,163.3773852767711
46238.10213992898,163.1956998684069
46773.51412872281,163.0122641039541
47315.12589615108,162.8270687159127
47863.0092322669,162.6401046406691
48417.23675841304,162.4513630277093
48977.88193684776,162.2608352501128
49545.01908048221,162.0685129135739
50118.72336273045,161.8743878671008
50699.0708274737,161.6784522127527
51286.13839913979,161.4806983164837
51880.00389289945,161.2811188180996
52480.74602498065,161.079706642799
53088.44442310226,160.8764550112141
53703.17963702875,160.6713574511471
54325.03314924684,160.4644078083215
54954.08738576602,160.255600258048
55590.42572704397,160.0449293162171
56234.13251903857,159.8323898515238
56885.29308438785,159.6179770965266
57543.99373371944,159.4016866601377
58210.32177709094,159.1835145389228
58884.36553556274,158.9634571295498
59566.21435290494,158.7415112405419
60255.95860743972,158.5176741047974
60953.68972402091,158.2919433918435
61659.50018615227,158.0643172193665
62373.48354824603,157.834794166596
63095.73444802348,157.6033732857573
63826.34861905907,157.3700541148942
64565.42290346981,157.1348366898378
65313.05526475154,156.8977215570455
66069.34480076397,156.6587097849319
66834.39175686588,156.4178029770566
67608.29753920266,156.1750032835184
68391.16472814747,155.9303134132195
69183.09709189825,155.6837366457081
69984.19960023201,155.4352768433179
70794.57843841851,155.1849384621856
71614.34102129498,154.9327265638471
72443.59600750385,154.6786468266443
73282.45331389531,154.422705556949
74131.02413009672,154.1649096992867
74989.42093325061,153.9052668475677
75857.75750292347,153.6437852545773
76736.14893618705,153.380473842752
77624.7116628744,153.1153422130867
78523.56346101247,152.8484006546063
79432.82347243351,152.5796601532186
80352.61221856714,152.3091324001832
81283.05161641541,152.0368298004316
82224.26499471266,151.7627654791059
83176.37711027272,151.4869532897876
84139.5141645252,151.2094078205018
85113.80382024341,150.9301443999469
86099.3752184659,150.6491791027176
87096.35899561396,150.3665287545035
88104.88730080739,150.0822109363044
89125.0938133806,149.7962439878654
90157.11376060182,149.5086470112996
91201.08393559718,149.2194398726703
92257.14271548261,148.9286432044134
93325.43007970547,148.6362784056099
94406.08762859879,148.3423676425857
95499.25860215013,148.0469338483125
96605.08789898796,147.7500007211638
97723.72209558777,147.45159272238
98855.30946570067,147.1517350739222
100000.0000000069,146.8504537538415
101157.9454259968,146.54777549228
102329.2992280825,146.2437277658726
103514.2166679415,145.9383387914392
104712.8548050972,145.6316375191917
105925.3725177362,145.3236536237551
107151.930523768,145.0144174961256
108392.6914021278,144.7039602338755
109647.8196143261,144.39231362961
110917.4815262478,144.0795101604569
112201.8454302041,143.7655829747891
113501.0815672394,143.4505658791121
114815.3621496962,143.1344933238123
116144.8613840423,142.8174003883071
117489.7554939611,142.4993227644973
118850.2227437101,142.1802967403505
120226.4434617497,141.8603591821832
121618.6000646453,141.539547515962
123026.8770812467,141.2178997080528
124451.4611771472,140.8954542453517
125892.5411794255,140.5722501140378
127350.3081016751,140.2483267783153
128824.9551693224,139.9237241579176
130316.6778452391,139.5984826049696
131825.6738556499,139.272642880717
133352.1432163418,138.9462461308826
134896.2882591748,138.6193338605299
136458.3136589021,138.2919479093953
138038.4264602982,137.9641304254119
139636.8361056036,137.6359238382645
141253.7544622854,137.3073708324364
142889.3958511204,136.9785143201995
144543.977074603,136.6493974136593
146217.7174456822,136.3200633970717
147910.8388168312,135.9905556979781
149623.5656094539,135.6609178593738
151356.1248436316,135.3311935109884
153108.7461682139,135.0014263399395
154881.6618912592,134.6716600620858
156675.1070108261,134.3419383934394
158489.3192461227,134.0123050205997
160324.5390690156,133.6828035723976
162181.0097359046,133.3534775904646
164058.9773199657,133.0243705014283
165958.690743768,132.6955255874066
167880.4018122681,132.3669859586282
169824.3652461866,132.0387945247797
171790.8387157712,131.7109939678209
173780.0828749501,131.3836267145894
175792.3613958819,131.0567349094791
177827.9410039051,130.7303603888241
179887.0915128918,130.4045446539292
181970.0858610115,130.0793288466656
184077.2001469089,129.7547537236383
186208.7136663002,129.4308596326736
188364.9089489937,129.1076864884866
190546.0717963385,128.7852737507492
192752.4913191076,128.463660399882
194984.4599758187,128.1428849176138
197242.2736114997,127.822985264629
199526.2314969025,127.5039988619255
201836.6363681708,127.1859625686083
204173.7944669678,126.8689126673505
206538.015581068,126.5528848437108
208929.6130854192,126.2379141708025
211348.9039836801,125.9240350926043
213796.2089502389,125.6112814093983
216271.8523727179,125.2996862628632
218776.1623949713,124.9892821232399
221309.47096058,124.6801007767921
223872.1138568504,124.3721733143694
226464.4307593226,124.0655301202089
229086.7652767941,123.7602008624379
231739.4649968649,123.4562144845774
234422.8815320095,123.1535991962822
237137.370566183,122.8523824683394
239883.2919019667,122.5525910235596
242661.0095082594,122.2542508345566
245470.8915685211,121.957387116145
248313.3105295753,121.662024323761
251188.6431509765,121.3681861491891
254097.2705549493,121.0758955199632
257039.5782769054,120.7851745960999
260015.9563165464,120.4960447713924
263026.7991895577,120.208526672284
266072.5059799007,119.9226401598337
269153.4803927116,119.6384043309403
272270.1308078115,119.3558375203908
275422.8703338372,119.0749573046972
278612.1168629978,118.7957805047326
281838.2931264665,118.5183231910089
285101.8267504122,118.2426006883587
288403.1503126821,117.9686275809132
291742.7014001385,117.6964177187789
295120.9226666606,117.4259842242467
298538.2618918183,117.1573394995568
301995.1720402242,116.8904952326578
305492.1113215743,116.6254624074087
309029.5432513822,116.362251311264
312607.936712419,116.1008715435145
316227.7660168617,115.8413320251481
319889.5109691639,115.5836410081122
323593.6569296527,115.3278060856866
327340.6948788629,115.0738342022448
331131.1214826161,114.8217316641359
334965.439157853,114.571504150223
338844.1561392282,114.3231567229405
342767.7865464764,114.0766938399722
346736.850452558,113.8321193645938
350751.8739525946,113.5894365784781
354813.3892336024,113.3486481932154
358921.9346450325,113.1097563614285
363078.054770129,112.8727626897162
367282.3004981126,112.6376682505263
371535.2290972008,112.4044735935954
375837.4042884728,112.1731787594959
380189.3963205902,111.9437832907033
384591.7820453829,111.7162862449348
389045.1449943103,111.4906862063798
393550.0754558076,111.266981299595
398107.1705535277,111.0451691998688
402717.0343254899,110.8252471469198
407380.277804144,110.607211956532
412097.5190973618,110.3910600327485
416869.3834703674,110.1767873804605
421696.5034286146,109.9643896168303
426579.5188016255,109.7538619919483
431519.0768277984,109.5451993661286
436515.8322401996,109.338396273984
441570.4473533466,109.1334469007292
446683.5921509976,108.9303451029377
451855.9443749573,108.7290844184866
457088.1896149104,108.5296580798848
462381.0213992961,108.3320590236858
467735.1412872344,108.1362799024356
473151.2589615172,107.942313093975
478630.0923226755,107.7501507138805
484172.367584137,107.559784624124
489778.8193684843,107.3712064443793
495450.1908048288,107.1844075615681
501187.2336273113,106.9993791403519
506990.7082747439,106.8161121317364
512861.3839914048,106.6345972836834
518800.0389290016,106.4548251498502
524807.4602498136,106.2767860986944
530884.4442310298,106.1004703223764
537031.7963702948,105.9258678460125
543250.3314924758,105.7529685357088
549540.8738576677,105.5817621071545
555904.2572704472,105.4122381337403
562341.3251903933,105.2443860544641
568852.9308438862,105.0781951818676
575439.9373372023,104.9136547095331
582103.2177709173,104.7507537197065
588843.6553556354,104.589481189871
595662.1435290575,104.4298260010957
602559.5860744053,104.2717769427899
609536.8972402173,104.1153227217304
616595.0018615309,103.9604519674205
623734.8354824686,103.8071532374188
630957.3444802432,103.6554150317874
638263.4861905993,103.5052257725577
645654.2290347067,103.3565738538003
653130.5526475242,103.2094475969052
660693.4480076485,103.0638353000679
668343.9175686677,102.9197252187665
676082.9753920354,102.7771055762837
683911.6472814836,102.6359645695699
691830.9709189915,102.4962903736846
699841.9960023292,102.358071146137
707945.7843841943,102.2212950318112
716143.410212959,102.0859501668994
724435.9600750478,101.9520246837223
732824.5331389626,101.8195067139607
741310.2413009767,101.6883843930407
749894.2093325157,101.5586458639458
758577.5750292444,101.4302792802568
767361.4893618803,101.3032728107886
776247.116628754,101.1776146411381
785235.6346101348,101.0532929842212
794328.2347243453,100.9302960612177
803526.1221856818,100.8086121360656
812830.5161641646,100.6882294976938
822242.6499471373,100.5691364676756
831763.771102738,100.4513214033302
841395.1416452629,100.3347726999138
851138.0382024451,100.2194787929874
860993.7521846702,100.1054281610936
870963.5899561511,99.99260932796653
881048.8730080854,99.88101086349158
891250.9381338177,99.77062139000297
901571.13760603,99.66142957394069
912010.8393559838,99.55342414574729
922571.4271548381,99.44659387479723
933254.3007970669,99.34092760057973
944060.8762860001,99.23641421607438
954992.5860215137,99.13304267335215
966050.8789898921,99.03080198566391
977237.2209558904,98.92968122869955
988553.0946570195,98.82966954104005
1000000.000000082,98.73075612699556
1011579.454259981,98.63293025599559
1023292.992280838,98.53618126869799
1035142.166679429,98.44049856196806
1047128.548050985,98.34587161303288
1059253.725177376,98.252289965636
1071519.305237694,98.15974323356546
1083926.914021293,98.06822110248962
1096478.196143275,97.97771332986362
1109174.815262493,97.88820974831425
1122018.454302056,97.79970026104358
1135010.815672409,97.71217484066251
1148153.621496978,97.62562354318095
1161448.613840439,97.54003649564986
1174897.554939627,97.4554039006342
1188502.227437117,97.37171603668807
1202264.434617513,97.28896325822693
1216186.000646469,97.2071359993068
1230268.770812484,97.12622476059644
1244514.611771489,97.04622012997982
1258925.411794272,96.96711276878821
1273503.081016768,96.88889341575013
1288249.551693242,96.81155288674233
1303166.778452408,96.73508207841036
1318256.738556517,96.65947195502494
1333521.432163436,96.58471356831791
1348962.882591767,96.51079804414387
1364583.136589039,96.43771658596759
1380384.264603001,96.36546047734581
1396368.361056055,96.29402107055149
1412537.544622873,96.22338980376439
1428893.958511223,96.15355818985402
1445439.770746049,96.08451781806477
1462177.174456841,96.01626035748856
1479108.388168332,95.94877754544937
1496235.65609456,95.88206120416616
1513561.248436336,95.8161032288679
1531087.461682159,95.75089559410235
1548816.618912612,95.6864303413423
1566751.070108282,95.62269959611977
1584893.192461248,95.55969555608135
1603245.390690177,95.4974104961469
1621810.097359068,95.43583675849521
1640589.773199679,95.37496676673985
1659586.907437702,95.31479301854807
1678804.018122703,95.25530807735974
1698243.652461889,95.19650458868608
1717908.387157734,95.13837526453391
1737800.828749524,95.08091289506393
1757923.613958843,95.02411033447687
1778279.410039075,94.96796051524193
1798870.915128942,94.91245644114186
1819700.858610139,94.85759117986586
1840772.001469114,94.8033578762131
1862087.136663027,94.74974974479795
1883649.089489962,94.69676006270647
1905460.717963411,94.64438218753553
1927524.913191102,94.59260953099491
1949844.599758213,94.54143558249996
1972422.736115024,94.49085390240361
1995262.314969052,94.44085810453707
2018366.363681735,94.39144188405453
2041737.944669706,94.34259899184217
2065380.155810708,94.29432325305567
2089296.13085422,94.24660854943571
2113489.03983683,94.19944883421887
2137962.089502417,94.1528381263317
2162718.523727208,94.10677049696304
2187761.623949742,94.06124009430508
2213094.70960583,94.01624112177264
2238721.138568534,93.9717678448028
2264644.307593257,93.92781459676907
2290867.652767973,93.8843757647239
2317394.64996868,93.84144580479528
2344228.815320127,93.79901922465756
2371373.705661862,93.75709059894761
2398832.9190197,93.71565455637155
2426610.095082628,93.6747057907242
2454708.915685245,93.63423904904096
2483133.105295788,93.59424913636157
2511886.4315098,93.55473092007391
2540972.705549528,93.51567931961084
2570395.78276909,93.47708931075172
2600159.5631655,93.43895593064352
2630267.991895613,93.40127426637476
2660725.059799044,93.36403946450386
2691534.803927153,93.32724671723879
2722701.308078153,93.29089128288339
2754228.70333841,93.25496846611084
2786121.168630017,93.21947362619954
2818382.931264703,93.18440217521201
2851018.267504162,93.14974957721017
2884031.503126862,93.11551134678872
2917427.014001426,93.08168305361029
2951209.226666648,93.04826031648501
2985382.618918225,93.01523879900364
3019951.720402285,92.98261422151128
3054921.113215785,92.95038235127797
3090295.432513866,92.91853900528388
3126079.367124234,92.88708004705725
3162277.660168662,92.85600138997057
3198895.109691684,92.82529899522562
3235936.569296572,92.79496886898396
3273406.948788675,92.76500706748739
3311311.214826207,92.73540968884339
3349654.391578577,92.70617288187242
3388441.561392329,92.67729283587994
3427677.865464811,92.64876578965875
3467368.504525628,92.6205880245161
3507518.739525995,92.5927558642541
3548133.892336074,92.56526567919813
3589219.346450375,92.53811388451874
3630780.547701341,92.51129693083048
3672823.004981178,92.48481132151673
3715352.290972061,92.45865359076591
3758374.042884781,92.43282032460139
3801893.963205955,92.40730814445158
3845917.820453884,92.38211371587373
3890451.449943158,92.35723374205315
3935500.754558131,92.33266496803851
3981071.705535334,92.30840417853881
4027170.343254956,92.28444819624495
4073802.778041497,92.26079388683667
4120975.190973677,92.23743815067832
4168693.834703733,92.21437792619996
4216965.034286207,92.19161019211492
4265795.188016315,92.16913196316385
4315190.768278046,92.14694029399108
4365158.322402058,92.12503227130736
4415704.473533529,92.10340502394439
4466835.92151004,92.0820557100493
4518559.443749637,92.06098152933421
4570881.896149169,92.04017971606368
4623810.213993027,92.01964753706353
4677351.412872411,91.99938229663759
4731512.58961524,91.97938133103935
4786300.923226824,91.95964201516203
4841723.67584144,91.94016175164653
4897788.193684913,91.92093797918437
4954501.908048359,91.90196817276713
5011872.336273185,91.88324983675554
5069907.082747512,91.86478050730936
5128613.839914123,91.84655775654711
5188000.389290091,91.82857918582431
5248074.602498211,91.81084242923593
5308844.442310374,91.79334515069716
5370317.963703024,91.776085047585
5432503.314924835,91.75905984708066
5495408.738576755,91.742267305837
5559042.572704552,91.7257052132415
5623413.251904013,91.70937138430919
5688529.308438943,91.69326366957253
5754399.373372104,91.67737994359412
5821032.177709255,91.66171811440901
5888436.553556438,91.64627611453997
5956621.435290659,91.63105190907413
6025595.860744138,91.61604348921516
6095368.97240226,91.60124887600679
6165950.018615397,91.58666611703222
6237348.354824775,91.57229328705372
6309573.444802522,91.5581284889896
6382634.861906083,91.54416985386564
6456542.290347159,91.53041553788724
6531305.526475335,91.5168637253208
6606934.480076578,91.50351262446641
6683439.175686772,91.49036047312896
6760829.753920452,91.47740553245679
6839116.472814935,91.46464609128971
6918309.709190015,91.4520804624137
6998419.960023393,91.43970698425011
7079457.843842045,91.42752402024864
7161434.102129695,91.41552996139895
7244359.600750584,91.40372321848159
7328245.331389733,91.39210223070228
7413102.413009875,91.38066545893794
7498942.093325268,91.36941139069111
7585775.750292555,91.35833853455757
7673614.893618916,91.3474454246746
7762471.166287653,91.33673061922897
7852356.346101463,91.32619269695145
7943282.347243569,91.31583026178167
8035261.221856936,91.30564194066204
8128305.161641765,91.29562638165524
8222426.499471494,91.2857822573062
8317637.711027502,91.27610826071292
8413951.416452752,91.26660310924063
8511380.382024577,91.25726554059044
8609937.521846829,91.24809431405049
8709635.89956164,91.23908821212294
8810488.730080985,91.23024603806722
8912509.381338309,91.22156661672278
9015711.376060434,91.21304879341052
9120108.393559974,91.20469143448648
9225714.271548519,91.19649342868283
9332543.007970808,91.18845368432882
9440608.762860142,91.18057112945407
9549925.860215278,91.17284471549782
9660508.789899064,91.1652734102137
9772372.209559049,91.15785620396143
9885530.946570342,91.1505921073081
10000000.00000096,91.14348014982293
10115794.54259996,91.1365193811465
10232929.92280853,91.12970886932634
10351421.66679444,91.12304770439854
10471285.48051001,91.1165349935346
10592537.25177391,91.11016986304863
10715193.0523771,91.1039514604085
10839269.14021309,91.09787894934416
10964781.96143292,91.09195151510643
11091748.15262509,91.086168359474
11220184.54302073,91.08052870341835
11350108.15672426,91.07503178774056
11481536.21496995,91.06967686883301
11614486.13840456,91.06446322372265
11748975.54939644,91.05939014686483
11885022.27437134,91.05445695074876
12022644.3461753,91.04966296450881
12161860.00646487,91.04500753692477
12302687.70812502,91.04049003417363
12445146.11771507,91.03610983883404
12589254.11794291,91.03186635167003
12735030.81016787,91.02775899077535
12882495.51693261,91.02378719191896
13031667.78452428,91.01995040765276
13182567.38556537,91.01624810762414
13335214.32163456,91.01267977782722
13489628.82591787,91.00924492243118
13645831.36589059,91.0059430615823
13803842.64603021,91.0027737324577
13963683.61056076,90.99973648823514
14125375.44622894,90.99683089965141
14288939.58511245,90.9940565528365
14454397.70746071,90.99141305142631
14621771.74456863,90.98890001331567
14791083.88168354,90.9865170752396
14962356.56094582,90.98426388723814
15135612.48436359,90.98214011796441
15310874.61682183,90.98014545021144
15488166.18912636,90.97827958314036
15667510.70108305,90.97654223203364
15848931.92461272,90.97493312682525
16032453.90690202,90.97345201392156
16218100.97359092,90.97209865508384
16405897.73199703,90.97087282728717
16595869.07437726,90.96977432316663
16788040.18122728,90.96880294990981
16982436.52461914,90.96795853132933
17179083.8715776,90.96724090424681
17378008.2874955,90.96664992200257
17579236.13958869,90.96618545282958
17782794.10039102,90.96584737934499
17988709.15128969,90.96563559856703
18197008.58610167,90.96555002330426
18407720.01469141,90.96559057975078
18620871.36663055,90.96575720984423
18836490.8948999,90.9660498693372
19054607.1796344,90.96646852789588
19275249.13191131,90.9670131699321
19498445.99758242,90.96768379481109
19724227.36115053,90.96848041432331
19952623.14969081,90.96940305549464
20183663.63681765,90.97045175917003
20417379.44669736,90.97162657968715
20653801.55810739,90.97292758510417
20892961.30854251,90.97435485719106
21134890.39836861,90.97590849188775
21379620.89502449,90.97758859705712
21627185.2372724,90.97939529577064
21877616.23949775,90.98132872315543
22130947.09605863,90.98338902760472
22387211.38568567,90.98557637101133
22646443.0759329,90.98789092772867
22908676.52768006,90.99033288548664
23173946.49968714,90.99290244389248
23442288.15320161,90.99559981575605
23713737.05661897,90.99842522644481
23988329.19019735,91.00137891279527
24266100.95082663,91.00446112495911
24547089.15685281,91.00767212474747
24831331.05295824,91.01101218552699
25118864.31509837,91.0144815928455
25409727.05549565,91.01808064354471
25703957.82769127,91.02180964645584
26001595.63165538,91.02566892150926
26302679.91895651,91.02965879995969
26607250.59799083,91.0337796240059
26915348.03927192,91.03803174574591
27227013.08078192,91.04241553005303
27542287.0333845,91.04693135030716
27861211.68630057,91.05157959089701
28183829.31264744,91.05636064643261
28510182.67504203,91.06127492119948
28840315.03126904,91.06632282947601
29174270.14001468,91.07150479424028
29512092.26666691,91.07682124857597
29853826.18918268,91.08227263399037
30199517.20402329,91.08785940100161
30549211.13215829,91.09358200821183
30902954.32513911,91.09944092293595
31260793.67124279,91.1054366201239
31622776.60168707,91.11156958241516
31988951.0969173,91.11784029962351
32359365.69296619,91.1242492693527
32734069.48788722,91.13079699460282
33113112.14826255,91.13748398625259
33496543.91578625,91.1443107600938
33884415.61392378,91.15127783802038
34276778.6546486,91.15838574753982
34673685.04525677,91.16563502059078
35075187.39526045,91.17302619371819
35481338.92336124,91.18055980803996
35892193.46450426,91.18823640758659
36307805.47701392,91.1960565402843
36728230.0498123,91.20402075663482
37153522.90972114,91.21212960935088
37583740.42884835,91.22038365298783
38018939.6320601,91.22878344294705
38459178.20453939,91.23732953623212
38904514.49943214,91.24602248919037
39355007.54558188,91.2548628581699
39810717.05535391,91.26385119837981
40271703.43255015,91.2729880632984
40738027.78041556,91.28227400414436
41209751.90973736,91.29170956926296
41686938.34703793,91.30129530322768
42169650.34286267,91.31103174608712
42657951.88016377,91.32091943289858
43151907.68278108,91.33095889281181
43651583.22402121,91.34115064810291
44157044.73533592,91.3514952135082
44668359.21510104,91.36199309513161
45185594.43749702,91.37264479011337
45708818.96149234,91.38345078480988
46238102.13993093,91.39441155469405
46773514.12872478,91.40552756275063
47315125.89615307,91.41679925871938
47863009.23226891,91.42822707780785
48417236.75841507,91.43981143992765
48977881.93684982,91.45155274805664
49545019.08048429,91.46345138754478
50118723.36273256,91.47550772450836
50699070.82747583,91.48772210455962
51286138.39914194,91.50009485158445
51880003.89290164,91.51262626647197
52480746.02498285,91.52531662553255
53088444.42310449,91.53816617891196
53703179.637031,91.55117514915055
54325033.14924912,91.5643437298743
54954087.38576832,91.57767208368679
55590425.7270463,91.59116034071765
56234132.51904092,91.60480859720577
56885293.08439023,91.61861691247628
57543993.73372185,91.63258530875335
58210321.77709337,91.64671376805038
58884365.5355652,91.66100223043512
59566214.35290743,91.67545059188674
60255958.60744224,91.69005870243883
60953689.72402346,91.70482636380986
61659500.18615484,91.71975332680749
62373483.54824863,91.73483928950428
63095734.44802611,91.75008389426418
63826348.61906174,91.76548672562656
64565422.90347251,91.78104730731344
65313055.26475427,91.79676509984925
66069344.80076672,91.81263949781541
66834391.75686867,91.8286698263005
67608297.53920548,91.84485533893415
68391164.72815032,91.86119521397055
69183097.09190112,91.87768855167
69984199.60023491,91.89433437060369
70794578.43842144,91.91113160477551
71614341.02129795,91.92807909951742
72443596.00750685,91.94517560846586
73282453.31389834,91.96241978955226
74131024.13009977,91.97981020124837
74989420.93325371,91.99734529869134
75857757.5029266,92.01502342950944
76736148.93619022,92.03284282977266
77624711.6628776,92.05080161957831
78523563.46101572,92.06889779859448
79432823.47243679,92.08712924177821
80352612.21857047,92.10549369403574
81283051.61641878,92.12398876619541
82224264.99471608,92.14261192920722
83176377.11027618,92.16136050959869
84139514.1645287,92.18023168389581
85113803.82024695,92.19922247332217
86099375.21846949,92.21832973792061
87096358.9956176,92.23755017125592
88104887.30081105,92.25688029399809
89125093.81338431,92.27631644816236
90157113.76060556,92.29585479074171
91201083.93560097,92.31549128717523
92257142.71548644,92.33522170512863
93325430.07970935,92.35504160696502
94406087.62860271,92.37494634355171
95499258.60215409,92.39493104662219
96605087.89899196,92.41499062158591
97723722.09559181,92.43511973982616
98855309.46570475,92.45531283134802
100000000.000011,92.47556407626274
101157945.426001,92.49586739708467
102329299.2280867,92.51621645034427
103514216.6679458,92.53660461765605
104712854.8051015,92.55702499742135
105925372.5177406,92.5774703955383
107151930.5237725,92.59793331618735
108392691.4021323,92.61840595270746
109647819.6143306,92.63888017760178
110917481.5262524,92.65934753277423
112201845.4302088,92.67979921945648
113501081.5672441,92.70022608798017
114815362.149701,92.72061862692478
116144861.3840471,92.74096695271928
117489755.493966,92.76126079820398
118850222.743715,92.78148950179168
120226443.4617546,92.80164199558777
121618600.0646503,92.82170679384697
123026877.0812518,92.8416719810141
124451461.1771523,92.86152519947142
125892541.1794307,92.88125363712335
127350308.1016803,92.90084401456787
128824955.1693277,92.9202825725225
130316677.8452445,92.93955505823514
131825673.8556554,92.95864671245484
133352143.2163473,92.97754225559028
134896288.2591804,92.99622587390107
136458313.6589077,93.01468120553173
138038426.4603039,93.03289132615782
139636836.1056094,93.05083873433991
141253754.4622912,93.0685053368443
142889395.8511263,93.08587243380531
144543977.074609,93.10292070335213
146217717.4456882,93.11963018653462
147910838.8168373,93.13598027124289
149623565.6094601,93.15194967709462
151356124.8436378,93.1675164390175
153108746.1682202,93.18265789116923
154881661.8912655,93.19735065083994
156675107.0108325,93.21157060180334
158489319.2461292,93.22529287783448
160324539.0690222,93.23849184587192
162181009.7359113,93.25114108908571
164058977.3199724,93.26321338986759
165958690.7437748,93.27468071285092
167880401.812275,93.28551418752943
169824365.2461936,93.29568409084472
171790838.7157782,93.30515982995578
173780082.8749572,93.31390992474537
175792361.3958892,93.3219019901908
177827941.0039124,93.3291027190016
179887091.5128992,93.33547786375932
181970085.861019,93.34099221974681
184077200.1469164,93.34560960707071
186208713.6663079,93.34929285303397
188364908.9490014,93.3520037751295
190546071.7963464,93.35370316312378
192752491.3191155,93.35435076202853
194984459.9758267,93.3539052546118
197242273.6115078,93.35232424446623
199526231.4969107,93.34956423897405
201836636.3681791,93.34558063234832
204173794.4669762,93.3403276893166
206538015.5810765,93.33375852813673
208929613.0854278,93.32582510482733
211348903.9836888,93.31647819698262
213796208.9502476,93.30566738798254
216271852.3727267,93.29334105162455
218776162.3949803,93.27944633674933
221309470.9605891,93.26392915263789
223872113.8568596,93.24673415433629
226464430.7593319,93.22780472854758
229086765.2768036,93.2070829796983
231739464.9968744,93.1845097167687
234422881.5320191,93.16002444008846
237137370.5661927,93.13356532880114
239883291.9019766,93.10506922892851
242661009.5082694,93.07447164139664
245470891.5685312,93.0417067110543
248313310.5295856,93.00670721603127
251188643.1509869,92.96940455721409
254097270.5549597,92.92972874878195
257039578.276916,92.88760840920907
260015956.3165571,92.84297075217786
263026799.1895685,92.79574157878469
266072505.9799116,92.74584526985801
269153480.3927226,92.69320477895145
272270130.8078226,92.63774162600923
275422870.3338484,92.57937589124742
278612116.8630092,92.51802620982724
281838293.126478,92.45360976699199
285101826.7504239,92.38604229399917
288403150.312694,92.31523806414077
291742701.4001505,92.24110988947649
295120922.6666728,92.16356911827711
298538261.8918306,92.08252563255323
301995172.0402367,91.99788784656201
305492111.3215868,91.90956270531522
309029543.2513949,91.81745568363139
312607936.7124318,91.7214707859462
316227766.0168747,91.62151054579331
319889510.969177,91.51747602671553
323593656.9296659,91.40926682199219
327340694.8788763,91.29678105626583
331131121.4826297,91.17991538617292
334965439.1578668,91.05856500175699
338844156.1392421,90.93262362816039
342767786.5464904,90.80198352680789
346736850.4525722,90.66653549723408
350751873.9526091,90.52616887902005
354813389.233617,90.380771552555
358921934.6450472,90.23022994149099
363078054.7701439,90.07442901363468
367282300.4981277,89.91325228173167
371535229.0972161,89.746581804949
375837404.2884882,89.57429818904734
380189396.3206058,89.39628058616005
384591782.0453987,89.21240669470221
389045144.9943262,89.02255275823376
393550075.4558237,88.82659356405451
398107170.553544,88.62440244004742
402717034.3255064,88.41585125255716
407380277.8041606,88.20081040137822
412097519.0973787,87.97914881538014
416869383.4703845,87.75073394600486
421696503.4286319,87.51543176072116
426579518.8016429,87.2731067334291
431519076.8278161,87.0236218358834
436515832.2402174,86.76683852597887
441570447.3533646,86.50261673531728
446683592.1510158,86.23081485462887
451855944.3749757,85.95128971857639
457088189.614929,85.66389658713165
462381021.3993149,85.36848912697077
467735141.2872535,85.06491938954493
473151258.9615365,84.75303778745435
478630092.322695,84.4326930684911
484172367.5841567,84.10373228840947
489778819.3685042,83.76600078005461
495450190.804849,83.41934212004067
501187233.6273317,83.06359809429318
506990708.2747645,82.69860865899547
512861383.9914258,82.32421190065388
518800038.9290227,81.94024399126729
524807460.249835,81.54653914222619
530884444.2310514,81.1429295538953
537031796.3703166,80.72924536274893
543250331.4924979,80.30531458441844
549540873.8576901,79.87096305398013
555904257.2704699,79.42601436174861
562341325.1904162,78.97028978631877
568852930.8439094,78.50360822298683
575439937.3372257,78.02578610836756
582103217.770941,77.53663734092132
588843655.3556594,77.03597319713911
595662143.5290817,76.52360224328268
602559586.0744299,75.99933024280381
609536897.2402421,75.46296005788291
616595001.8615561,74.91429154779365
623734835.482494,74.35312146108419
630957344.480269,73.77924332203813
638263486.1906253,73.1924473133254
645654229.0347331,72.59252015134027
653130552.6475508,71.97924495669758
660693448.0076754,71.35240111877791
668343917.5686949,70.71176415408127
676082975.3920631,70.05710555699939
683911647.2815117,69.38819264636129
691830970.9190198,68.70478840402694
699841996.0023578,68.00665130602579
707945784.3842232,67.29353514847328
716143410.2129884,66.56518886456567
724435960.0750774,65.82135633528324
732824533.1389925,65.06177619378614
741310241.301007,64.28618162117392
749894209.3325465,63.49430013391301
758577575.0292755,62.68585336867766
767361489.3619118,61.86055685429628
776247116.6287857,61.0181197816182
785235634.6101669,60.1582447650439
794328234.7243778,59.28062759818955
803526122.1857147,58.38495700552885
812830516.1641979,57.47091438918443
822242649.947171,56.53817357218055
831763771.102772,55.58640054140628
841395141.6452973,54.61525318960873
851138038.20248,53.62438105894017
860993752.1847054,52.61342509202029
870963589.9561867,51.58201738751652
881048873.0081214,50.52978096867884
891250938.1338542,49.45632956875415
901571137.6060668,48.3612674350195
912010839.356021,47.24418916235052
922571427.1548758,46.10467955902942
933254300.797105,44.94231355683182
944060876.2860386,43.75665617103463
954992586.0215526,42.54726252602277
966050878.9899313,41.31367795541735
977237220.9559301,40.05543819463868
988553094.6570597,38.77206968005585
1000000000.000122,37.46308997593595
1011579454.260022,36.12800835146615
1023292992.280879,34.76632653078509
1035142166.679471,33.37753964468133
1047128548.051028,31.96113741565986
1059253725.177419,30.51660561107318
1071519305.237738,29.04342780005797
1083926914.021337,27.5410874601436
1096478196.14332,26.00907047508616
1109174815.262537,24.44686807475469
1122018454.302101,22.85398027103855
1135010815.672455,21.2299198386904
1148153621.497024,19.57421690580258
1161448613.840486,17.88642420454916
1174897554.939674,16.16612304244849
1188502227.437165,14.41293004839059
1202264434.617561,12.62650474188042
1216186000.646518,10.80655796748652
1230268770.812534,8.952861226201671
1244514611.771539,7.065256916687711
1258925411.794323,5.143669486360749
1273503081.016819,3.18811745658129
1288249551.693293,1.198726268422462
1303166778.452461,-0.8242581481857011
1318256738.556571,-2.880455222481075
1333521432.163489,-4.969335183375918
1348962882.591821,-7.090204332279023
1364583136.589094,-9.242190429616008
1380384264.603056,-11.42422853360513
1396368361.056111,-13.6350476782712
1412537544.62293,-15.87315882057445
1428893958.511281,-18.13684451919834
1445439770.746107,-20.42415082858972
1462177174.4569,-22.73288188331671
1479108388.168391,-25.06059763206322
1496235656.09462,-27.40461512848792
1513561248.436397,-29.76201369926342
1531087461.682221,-32.12964421967135
1548816618.912675,-34.50414258370225
1566751070.108345,-36.88194730908594
1584893192.461312,-39.2593210538481
1603245390.690242,-41.63237565470216
1621810097.359133,-43.99710012993315
1640589773.199745,-46.34939095245207
1659586907.437768,-48.68508378104984
1678804018.122771,-50.99998576151204
1698243652.461957,-53.28990746598977
1717908387.157804,-55.55069356569253
1737800828.749593,-57.77825137568857
1757923613.958913,-59.96857651445761
1778279410.039146,-62.11777505325047
1798870915.129014,-64.22208168358726
1819700858.610212,-66.277873604371
1840772001.469187,-68.28168000409573
1862087136.663102,-70.23018717051487
1883649089.490038,-72.12023942275664
1905460717.963487,-73.94883618497607
1927524913.191179,-75.71312562280312
1949844599.758291,-77.41039535051686
1972422736.115103,-79.03806077399017
2000000000,-80.90493096416103
